<?xml version="1.0" encoding="UTF-8"?>

<Bundle xmlns="http://hl7.org/fhir">
  <id value="7772bdc0-a40b-4c7c-8bcc-02c95b526310"/>
  <meta>
    <lastUpdated value="2020-12-14T15:11:32.430-08:00"/>
  </meta>
  <type value="collection"/>
  <entry>
    <fullUrl value="http://www.fhir.org/guides/argonaut/patient-list/ValueSet/argo-group-characteristic"/>
    <resource>
      <ValueSet>
        <id value="argo-group-characteristic"/>
        <text>
          <status value="generated"/>
          <div xmlns="http://www.w3.org/1999/xhtml">
            <p>This value set contains 4 concepts</p>
            <p style="border: black 1px dotted; background-color: #EEEEEE; padding: 8px; margin-bottom: 8px">Expansion based on 
              <a href="CodeSystem-argo-group-characteristic.html">Argonaut Group Characteristic Code System v0.1.0 (CodeSystem)</a>
            </p>
            <p>All codes from system 
              <a href="CodeSystem-argo-group-characteristic.html">
                <code>http://www.fhir.org/guides/argonaut/patient-list/CodeSystem/argo-group-characteristic</code>
              </a>
            </p>
            <table class="codes">
              <tr>
                <td style="white-space:nowrap">
                  <b>Code</b>
                </td>
                <td>
                  <b>Display</b>
                </td>
                <td>
                  <b>Definition</b>
                </td>
              </tr>
              <tr>
                <td style="white-space:nowrap">
                  <a name="http---www.fhir.org-guides-argonaut-patient-list-CodeSystem-argo-group-characteristic-location"> </a>
                  <a href="CodeSystem-argo-group-characteristic.html#argo-group-characteristic-location">location</a>
                </td>
                <td>Location</td>
                <td>Members (Patients) whose care is at the location specified by the value which references the Location resource representing the physical structures managed/operated by an organization (e.g., a ward, building, clinic, etc)</td>
              </tr>
              <tr>
                <td style="white-space:nowrap">
                  <a name="http---www.fhir.org-guides-argonaut-patient-list-CodeSystem-argo-group-characteristic-team"> </a>
                  <a href="CodeSystem-argo-group-characteristic.html#argo-group-characteristic-team">team</a>
                </td>
                <td>CareTeam</td>
                <td>Members (Patients) who are under the care of the care-team specified by the value which references the CareTeam resource representing the care-team. (e.g., Respiratory Therapy CareTeam, CareTeam blue , etc)</td>
              </tr>
              <tr>
                <td style="white-space:nowrap">
                  <a name="http---www.fhir.org-guides-argonaut-patient-list-CodeSystem-argo-group-characteristic-organization"> </a>
                  <a href="CodeSystem-argo-group-characteristic.html#argo-group-characteristic-organization">organization</a>
                </td>
                <td>Organization</td>
                <td>Members (Patients) whose care is at the organization specified by the value which references the Organization resource representing the organization. (e.g., Burgess Medical Group)</td>
              </tr>
              <tr>
                <td style="white-space:nowrap">
                  <a name="http---www.fhir.org-guides-argonaut-patient-list-CodeSystem-argo-group-characteristic-practitioner"> </a>
                  <a href="CodeSystem-argo-group-characteristic.html#argo-group-characteristic-practitioner">practitioner</a>
                </td>
                <td>Practitioner</td>
                <td>Members (Patients) who are under the care of the practitioner specified by the value which references the Practitioner resource representing the practitioner. (e.g., Dr Leung)</td>
              </tr>
            </table>
          </div>
        </text>
        <url value="http://www.fhir.org/guides/argonaut/patient-list/ValueSet/argo-group-characteristic"/>
        <version value="0.1.0"/>
        <name value="ArgonautGroupCharacteristicValueSet"/>
        <title value="Argonaut Group Characteristic Value Set"/>
        <status value="active"/>
        <date value="2020-12-14T15:11:32-08:00"/>
        <publisher value="Argonaut Project"/>
        <contact>
          <telecom>
            <system value="url"/>
            <value value="https://confluence.hl7.org/display/AP/Argonaut+Project+Home"/>
          </telecom>
        </contact>
        <description value="Initial set of group characteristic concepts for defining and searching for patient lists."/>
        <expansion>
          <identifier value="urn:uuid:c0eb79f1-ff86-4b88-815b-9ffa039c7430"/>
          <timestamp value="2020-12-14T15:12:19-08:00"/>
          <total value="4"/>
          <parameter>
            <name value="excludeNested"/>
            <valueBoolean value="false"/>
          </parameter>
          <parameter>
            <name value="version"/>
            <valueUri value="http://www.fhir.org/guides/argonaut/patient-list/CodeSystem/argo-group-characteristic|0.1.0"/>
          </parameter>
          <contains>
            <system value="http://www.fhir.org/guides/argonaut/patient-list/CodeSystem/argo-group-characteristic"/>
            <code value="location"/>
            <display value="Location"/>
          </contains>
          <contains>
            <system value="http://www.fhir.org/guides/argonaut/patient-list/CodeSystem/argo-group-characteristic"/>
            <code value="team"/>
            <display value="CareTeam"/>
          </contains>
          <contains>
            <system value="http://www.fhir.org/guides/argonaut/patient-list/CodeSystem/argo-group-characteristic"/>
            <code value="organization"/>
            <display value="Organization"/>
          </contains>
          <contains>
            <system value="http://www.fhir.org/guides/argonaut/patient-list/CodeSystem/argo-group-characteristic"/>
            <code value="practitioner"/>
            <display value="Practitioner"/>
          </contains>
        </expansion>
      </ValueSet>
    </resource>
  </entry>
</Bundle>