{"resourceType":"ImplementationGuide","id":"ig","text":{"status":"extensions","div":"<div xmlns=\"http://www.w3.org/1999/xhtml\"><h2>ArgonautPatientList</h2><p>The official URL for this implementation guide is: </p><pre>http://www.fhir.org/guides/argonaut/patient-list/ImplementationGuide/ig</pre><div><p>Support interoperable and standard exchange of existing EHR supported &quot;user-facing lists&quot;</p>\n</div></div>"},"url":"http://www.fhir.org/guides/argonaut/patient-list/ImplementationGuide/ig","version":"0.1.0","name":"ArgonautPatientList","title":"Argonaut User Facing Patient List","status":"active","date":"2021-01-28T13:50:46-08:00","publisher":"Argonaut Project","contact":[{"telecom":[{"system":"url","value":"https://confluence.hl7.org/display/AP/Argonaut+Project+Home"}]}],"description":"Support interoperable and standard exchange of existing EHR supported \"user-facing lists\"","packageId":"ig","license":"CC0-1.0","fhirVersion":["4.0.1"],"dependsOn":[{"id":"hl7_fhir_us_core","uri":"http://hl7.org/fhir/us/core/ImplementationGuide/hl7.fhir.us.core","packageId":"hl7.fhir.us.core","version":"3.1.1"},{"id":"hl7_fhir_uv_sdc","uri":"http://hl7.org/fhir/uv/sdc/ImplementationGuide/hl7.fhir.uv.sdc","packageId":"hl7.fhir.uv.sdc","version":"current"}],"definition":{"extension":[{"extension":[{"url":"code","valueString":"copyrightyear"},{"url":"value","valueString":"2020+"}],"url":"http://hl7.org/fhir/tools/StructureDefinition/ig-parameter"},{"extension":[{"url":"code","valueString":"releaselabel"},{"url":"value","valueString":"CI Build"}],"url":"http://hl7.org/fhir/tools/StructureDefinition/ig-parameter"},{"extension":[{"url":"code","valueString":"show-inherited-invariants"},{"url":"value","valueString":"false"}],"url":"http://hl7.org/fhir/tools/StructureDefinition/ig-parameter"},{"extension":[{"url":"code","valueString":"usage-stats-opt-out"},{"url":"value","valueString":"false"}],"url":"http://hl7.org/fhir/tools/StructureDefinition/ig-parameter"},{"extension":[{"url":"code","valueString":"path-output"},{"url":"value","valueString":"docs"}],"url":"http://hl7.org/fhir/tools/StructureDefinition/ig-parameter"},{"extension":[{"url":"code","valueString":"excludexml"},{"url":"value","valueString":"true"}],"url":"http://hl7.org/fhir/tools/StructureDefinition/ig-parameter"},{"extension":[{"url":"code","valueString":"escludejsn"},{"url":"value","valueString":"false"}],"url":"http://hl7.org/fhir/tools/StructureDefinition/ig-parameter"},{"extension":[{"url":"code","valueString":"excludettl"},{"url":"value","valueString":"true"}],"url":"http://hl7.org/fhir/tools/StructureDefinition/ig-parameter"},{"extension":[{"url":"code","valueString":"excludemap"},{"url":"value","valueString":"true"}],"url":"http://hl7.org/fhir/tools/StructureDefinition/ig-parameter"},{"extension":[{"url":"code","valueString":"excludeexample"},{"url":"value","valueString":"true"}],"url":"http://hl7.org/fhir/tools/StructureDefinition/ig-parameter"},{"extension":[{"url":"code","valueString":"autoload-resources"},{"url":"value","valueString":"true"}],"url":"http://hl7.org/fhir/tools/StructureDefinition/ig-parameter"},{"extension":[{"url":"code","valueString":"path-liquid"},{"url":"value","valueString":"template/liquid"}],"url":"http://hl7.org/fhir/tools/StructureDefinition/ig-parameter"},{"extension":[{"url":"code","valueString":"path-liquid"},{"url":"value","valueString":"input/liquid"}],"url":"http://hl7.org/fhir/tools/StructureDefinition/ig-parameter"},{"extension":[{"url":"code","valueString":"path-qa"},{"url":"value","valueString":"temp/qa"}],"url":"http://hl7.org/fhir/tools/StructureDefinition/ig-parameter"},{"extension":[{"url":"code","valueString":"path-temp"},{"url":"value","valueString":"temp/pages"}],"url":"http://hl7.org/fhir/tools/StructureDefinition/ig-parameter"},{"extension":[{"url":"code","valueString":"path-suppressed-warnings"},{"url":"value","valueString":"input/ignoreWarnings.txt"}],"url":"http://hl7.org/fhir/tools/StructureDefinition/ig-parameter"},{"extension":[{"url":"code","valueString":"path-history"},{"url":"value","valueString":"http://www.fhir.org/guides/argonaut/patient-list/history.html"}],"url":"http://hl7.org/fhir/tools/StructureDefinition/ig-parameter"},{"extension":[{"url":"code","valueString":"template-html"},{"url":"value","valueString":"template-page.html"}],"url":"http://hl7.org/fhir/tools/StructureDefinition/ig-parameter"},{"extension":[{"url":"code","valueString":"template-md"},{"url":"value","valueString":"template-page-md.html"}],"url":"http://hl7.org/fhir/tools/StructureDefinition/ig-parameter"},{"extension":[{"url":"code","valueString":"apply-contact"},{"url":"value","valueString":"true"}],"url":"http://hl7.org/fhir/tools/StructureDefinition/ig-parameter"},{"extension":[{"url":"code","valueString":"apply-context"},{"url":"value","valueString":"true"}],"url":"http://hl7.org/fhir/tools/StructureDefinition/ig-parameter"},{"extension":[{"url":"code","valueString":"apply-copyright"},{"url":"value","valueString":"true"}],"url":"http://hl7.org/fhir/tools/StructureDefinition/ig-parameter"},{"extension":[{"url":"code","valueString":"apply-jurisdiction"},{"url":"value","valueString":"true"}],"url":"http://hl7.org/fhir/tools/StructureDefinition/ig-parameter"},{"extension":[{"url":"code","valueString":"apply-license"},{"url":"value","valueString":"true"}],"url":"http://hl7.org/fhir/tools/StructureDefinition/ig-parameter"},{"extension":[{"url":"code","valueString":"apply-publisher"},{"url":"value","valueString":"true"}],"url":"http://hl7.org/fhir/tools/StructureDefinition/ig-parameter"},{"extension":[{"url":"code","valueString":"apply-version"},{"url":"value","valueString":"true"}],"url":"http://hl7.org/fhir/tools/StructureDefinition/ig-parameter"},{"extension":[{"url":"code","valueString":"active-tables"},{"url":"value","valueString":"true"}],"url":"http://hl7.org/fhir/tools/StructureDefinition/ig-parameter"}],"grouping":[{"id":"_dyn_capabilitystatement","name":"Behavior: Capability Statements","description":"The following artifacts define the specific capabilities that different types of systems are expected to have in order to comply with this implementation guide.  Systems conforming to this implementation guide are expected to declare conformance to one or more of the following capability statements."},{"id":"_dyn_searchparameter","name":"Behavior: Search Parameters","description":"These define the properties by which a RESTful server can be searched.  They can also be used for sorting and including related resources."},{"id":"_str_profile","name":"Structures: Resource Profiles","description":"These define constraints on FHIR resources for systems conforming to this implementation guide"},{"id":"_str_extension","name":"Structures: Extension Definitions","description":"These define constraints on FHIR data types for systems conforming to this implementation guide"},{"id":"_term_valueset","name":"Terminology: Value Sets","description":"These define sets of codes used by systems conforming to this implementation guide"},{"id":"_term_codesystem","name":"Terminology: Code Systems","description":"These define new code systems used by systems conforming to this implementation guide"}],"resource":[{"extension":[{"url":"http://hl7.org/fhir/StructureDefinition/implementationguide-page","valueUri":"StructureDefinition-patientlist-appointment.html"}],"reference":{"reference":"StructureDefinition/patientlist-appointment"},"name":"Argonaut Patient List Member Appointment Extension","description":"Some patient lists are defined by a specific appointment such as an list of patients being seen today. For these types of patient lists, an EHR **MAY** supply a reference to a specific [Appointment](http://hl7.org/fhir/appointment.html) that is the *reason* the target patient is a member of this patient list.  This extension references the relevant Appointment resource for a `Group.member` so the client app can retrieve it.","exampleBoolean":false,"groupingId":"_str_extension"},{"extension":[{"url":"http://hl7.org/fhir/StructureDefinition/implementationguide-page","valueUri":"StructureDefinition-patientlist-encounter.html"}],"reference":{"reference":"StructureDefinition/patientlist-encounter"},"name":"Argonaut Patient List Member Encounter Extension","description":"Some patient lists are defined by a specific encounter such as an admission list or a discharge list. For these types of patient lists, an EHR **MAY** supply a reference to a specific [Encounter](http://hl7.org/fhir/encounter.html) that is the *reason* the target patient is a member of this patient list.  This extension references the relevant Encounter resource for a `Group.member` so the client app can retrieve it.  The Encounter resource is based on the [US Core Encounter](http://hl7.org/fhir/us/core/StructureDefinition/us-core-encounter) profile.","exampleBoolean":false,"groupingId":"_str_extension"},{"extension":[{"url":"http://hl7.org/fhir/StructureDefinition/implementationguide-page","valueUri":"StructureDefinition-patientlist-questionnaire.html"}],"reference":{"reference":"StructureDefinition/patientlist-questionnaire"},"name":"Argonaut Patient List Questionnaire Extension","description":"An EHR **MAY** defines additional data for the members in a Patient List using a FHIR [Questionnaire](http://hl7.org/fhir/questionnaire.html)  based on the [SDC Base Questionnaire](https://build.fhir.org/ig/HL7/sdc/StructureDefinition-sdc-questionnaire.html) profile.  This extension references the Questionnaire resource so the client app can retrieve it. The *Argonaut Patient List Member QuestionnaireResponse Extension* provides a corresponding link to the completed answers to the Questionnaire for a `Group.member`.  Note that typically the EHR and not the patient supplies the responses to the Questionnaire.","exampleBoolean":false,"groupingId":"_str_extension"},{"extension":[{"url":"http://hl7.org/fhir/StructureDefinition/implementationguide-page","valueUri":"StructureDefinition-patientlist-questionnaireresponse.html"}],"reference":{"reference":"StructureDefinition/patientlist-questionnaireresponse"},"name":"Argonaut Patient List Member QuestionnaireResponse Extension","description":"An EHR **MAY** defines additional data for the members in a Patient List using a FHIR [Questionnaire](http://hl7.org/fhir/questionnaire.html)  based on the [SDC Base Questionnaire](https://build.fhir.org/ig/HL7/sdc/StructureDefinition-sdc-questionnaire.html) profile.  This extension references the [QuestionnaireResponse](http://hl7.org/fhir/questionnaireresponse.html) resource that represents the completed answers to the Questionnaire for a `Group.member`. The client app can use the reference to retrieve the data.  Note that typically the EHR and not the patient supplies the responses to the Questionnaire. The *Argonaut Patient List Questionnaire Extension* provides a corresponding link to the Questionnaire","exampleBoolean":false,"groupingId":"_str_extension"},{"extension":[{"url":"http://hl7.org/fhir/StructureDefinition/implementationguide-page","valueUri":"ValueSet-argo-group-characteristic.html"}],"reference":{"reference":"ValueSet/argo-group-characteristic"},"name":"Argonaut Group Characteristic Value Set","description":"Initial set of group characteristic concepts for defining and searching for patient lists.","exampleBoolean":false,"groupingId":"_term_valueset"},{"extension":[{"url":"http://hl7.org/fhir/StructureDefinition/implementationguide-page","valueUri":"CodeSystem-argo-group-characteristic.html"}],"reference":{"reference":"CodeSystem/argo-group-characteristic"},"name":"Argonaut Group Characteristic Code System","description":"Initial set of group characteristic concepts for defining and searching for patient lists.","exampleBoolean":false,"groupingId":"_term_codesystem"},{"extension":[{"url":"http://hl7.org/fhir/StructureDefinition/implementationguide-page","valueUri":"SearchParameter-argonaut-group-value-reference.html"}],"reference":{"reference":"SearchParameter/argonaut-group-value-reference"},"name":"GroupValueReference","description":"This custom SearchParameter defines searching the [Group](http://hl7.org/fhir/group.html) resource by a `Group.characteristic.valueReference` element value. It is used in combination with the standard`characteristic`  search parameter to query for Groups by characteristics that use valueReference values.","exampleBoolean":false,"groupingId":"_dyn_searchparameter"},{"extension":[{"url":"http://hl7.org/fhir/StructureDefinition/implementationguide-page","valueUri":"StructureDefinition-patientlist.html"}],"reference":{"reference":"StructureDefinition/patientlist"},"name":"Argonaut Patient List (Group) Profile","description":"This profile sets minimum expectations for the [Group](http://hl7.org/fhir/group.html) resource to record, search, and fetch user-facing patient lists.","exampleBoolean":false,"groupingId":"_str_profile"},{"extension":[{"url":"http://hl7.org/fhir/StructureDefinition/implementationguide-page","valueUri":"CapabilityStatement-client.html"}],"reference":{"reference":"CapabilityStatement/client"},"name":"Client CapabilityStatement","description":"This CapabilityStatement outlines the conformance requirements and expectations for Argonaut User Facing Patient List **Client applications**.  It identifies the specific profiles and RESTful transactions for  requesting user facing patient list data from an EHR using the Argonaut User Facing Patient List API.  This includes the following interactions:\n\n1. Discovery of User Facing Patient Lists\n2. Fetching User Facing Patient Lists\n3. Fetching Additional Data about each Patient in a User Facing Patient Lists\n\nThis is a [Requirements CapabilityStatement](http://hl7.org/fhir/capabilitystatement.html#requirements) describing what capabilities are potentially relevant.  It can be used as a template for creating an [Instance CapabilityStatement](http://hl7.org/fhir/capabilitystatement.html#instance) by removing expectation extensions and making actual assertions associated with each capability to describe the capabilities of a deployed and configured implementation.\n","exampleBoolean":false,"groupingId":"_dyn_capabilitystatement"},{"extension":[{"url":"http://hl7.org/fhir/StructureDefinition/implementationguide-page","valueUri":"CapabilityStatement-Server.html"}],"reference":{"reference":"CapabilityStatement/Server"},"name":"Server CapabilityStatement","description":"This CapabilityStatement outlines the conformance requirements and expectations for Argonaut User Facing Patient List **EHR Server**.  It identifies the specific profiles and RESTful transactions for requesting user facing patient list data from an EHR using the Argonaut User Facing Patient List API.  This includes the following interactions:\n\n1. Discovery of User Facing Patient Lists\n2. Fetching User Facing Patient Lists\n3. Fetching Additional Data about each Patient in a User Facing Patient Lists\n\nThis is a [Requirements CapabilityStatement](http://hl7.org/fhir/capabilitystatement.html#requirements) describing what capabilities are potentially relevant.  It can be used as a template for creating an [Instance CapabilityStatement](http://hl7.org/fhir/capabilitystatement.html#instance) by removing expectation extensions and making actual assertions associated with each capability to describe the capabilities of a deployed and configured Server.","exampleBoolean":false,"groupingId":"_dyn_capabilitystatement"}],"page":{"nameUrl":"toc.html","title":"Table of Contents","generation":"html","page":[{"nameUrl":"index.html","title":"Home","generation":"markdown"},{"nameUrl":"artifacts.html","title":"Artifacts Summary","generation":"html","page":[{"nameUrl":"CapabilityStatement-client.html","title":"Client CapabilityStatement","generation":"generated"},{"nameUrl":"CapabilityStatement-Server.html","title":"Server CapabilityStatement","generation":"generated"},{"nameUrl":"SearchParameter-argonaut-group-value-reference.html","title":"GroupValueReference","generation":"generated"},{"nameUrl":"StructureDefinition-patientlist.html","title":"Argonaut Patient List (Group) Profile","generation":"generated"},{"nameUrl":"StructureDefinition-patientlist-appointment.html","title":"Argonaut Patient List Member Appointment Extension","generation":"generated"},{"nameUrl":"StructureDefinition-patientlist-encounter.html","title":"Argonaut Patient List Member Encounter Extension","generation":"generated"},{"nameUrl":"StructureDefinition-patientlist-questionnaire.html","title":"Argonaut Patient List Questionnaire Extension","generation":"generated"},{"nameUrl":"StructureDefinition-patientlist-questionnaireresponse.html","title":"Argonaut Patient List Member QuestionnaireResponse Extension","generation":"generated"},{"nameUrl":"ValueSet-argo-group-characteristic.html","title":"Argonaut Group Characteristic Value Set","generation":"generated"},{"nameUrl":"CodeSystem-argo-group-characteristic.html","title":"Argonaut Group Characteristic Code System","generation":"generated"}]}]},"parameter":[{"code":"path-resource","value":"input/resources"},{"code":"path-resource","value":"fsh-generated/resources"},{"code":"path-pages","value":"input/pagecontent"},{"code":"path-pages","value":"fsh-generated/includes"},{"code":"path-resource","value":"input/capabilities"},{"code":"path-resource","value":"input/examples"},{"code":"path-resource","value":"input/extensions"},{"code":"path-resource","value":"input/models"},{"code":"path-resource","value":"input/operations"},{"code":"path-resource","value":"input/profiles"},{"code":"path-resource","value":"input/vocabulary"},{"code":"path-resource","value":"input/testing"},{"code":"path-resource","value":"input/history"},{"code":"path-pages","value":"template/config"},{"code":"path-pages","value":"input/images"},{"code":"path-tx-cache","value":"input-cache/txcache"}]}}