<?xml version="1.0" encoding="UTF-8"?>

<SearchParameter xmlns="http://hl7.org/fhir">
  <id value="argonaut-group-value-reference"/>
  <text>
    <status value="generated"/><div xmlns="http://www.w3.org/1999/xhtml"><p><b>Generated Narrative</b></p><p><b>url</b>: <code>http://www.fhir.org/guides/argonaut/patient-list/SearchParameter/argonaut-group-value-reference</code></p><p><b>version</b>: 0.1.0</p><p><b>name</b>: GroupValueReference</p><p><b>status</b>: draft</p><p><b>experimental</b>: false</p><p><b>date</b>: 2020-09-02</p><p><b>publisher</b>: Argonaut Project</p><p><b>contact</b>: <a href="https://confluence.hl7.org/display/AP/Argonaut+Project+Home">https://confluence.hl7.org/display/AP/Argonaut+Project+Home</a></p><p><b>description</b>: This custom SearchParameter defines searching the [Group](http://hl7.org/fhir/group.html) resource by a `Group.characteristic.valueReference` element value. It is used in combination with the standard`characteristic`  search parameter to query for Groups by characteristics that use valueReference values.</p><p><b>code</b>: value-reference</p><p><b>base</b>: Group</p><p><b>type</b>: reference</p><p><b>expression</b>: Group.characteristic.value as Reference</p><p><b>xpath</b>: f:Group/f:characteristic/f:valueReference</p><p><b>xpathUsage</b>: normal</p><p><b>multipleOr</b>: true</p><p><b>multipleAnd</b>: true</p></div>
  </text>
  <url value="http://www.fhir.org/guides/argonaut/patient-list/SearchParameter/argonaut-group-value-reference"/>
  <version value="0.1.0"/>
  <name value="GroupValueReference"/>
  <status value="draft"/>
  <experimental value="false"/>
  <date value="2020-09-02"/>
  <publisher value="Argonaut Project"/>
  <contact>
    <telecom>
      <system value="url"/>
      <value value="https://confluence.hl7.org/display/AP/Argonaut+Project+Home"/>
    </telecom>
  </contact>
  <description value="This custom SearchParameter defines searching the [Group](http://hl7.org/fhir/group.html) resource by a `Group.characteristic.valueReference` element value. It is used in combination with the standard`characteristic`  search parameter to query for Groups by characteristics that use valueReference values."/>
  <code value="value-reference"/>
  <base value="Group"/>
  <type value="reference"/>
  <expression value="Group.characteristic.value as Reference"/>
  <xpath value="f:Group/f:characteristic/f:valueReference"/>
  <xpathUsage value="normal"/>
  <multipleOr value="true">
    <extension url="http://hl7.org/fhir/StructureDefinition/capabilitystatement-expectation">
      <valueCode value="SHOULD"/>
    </extension>
  </multipleOr>
  <multipleAnd value="true">
    <extension url="http://hl7.org/fhir/StructureDefinition/capabilitystatement-expectation">
      <valueCode value="SHOULD"/>
    </extension>
  </multipleAnd>
</SearchParameter>