<?xml version="1.0" encoding="UTF-8"?><CapabilityStatement xmlns="http://hl7.org/fhir"><id value="client"/><text><status value="generated"/><div xmlns="http://www.w3.org/1999/xhtml"> <h2 id="title">Client CapabilityStatement</h2> <ul> <li>Implementation Guide Version: 0.1.0</li> <li>FHIR Version: 4.0.1</li> <li>Supported formats: xml, json</li> <li>Published: 2021-01-27</li> <li>Published by: Argonaut Project</li> </ul> <p>This CapabilityStatement outlines the conformance requirements and expectations for Argonaut User Facing Patient List <strong>Client applications</strong>. It identifies the specific profiles and RESTful transactions for requesting user facing patient list data from an EHR using the Argonaut User Facing Patient List API. This includes the following interactions:</p> <ol> <li>Discovery of User Facing Patient Lists</li> <li>Fetching User Facing Patient Lists</li> <li>Fetching Additional Data about each Patient in a User Facing Patient Lists</li> </ol> <p>This is a <a href="http://hl7.org/fhir/capabilitystatement.html#requirements">Requirements CapabilityStatement</a> describing what capabilities are potentially relevant. It can be used as a template for creating an <a href="http://hl7.org/fhir/capabilitystatement.html#instance">Instance CapabilityStatement</a> by removing expectation extensions and making actual assertions associated with each capability to describe the capabilities of a deployed and configured implementation.</p> <h3 id="igs" class="no_toc">SHOULD Support the Following Implementation Guides:</h3> <ul> <li><a href="http://hl7.org/fhir/us/core/index.html">HL7 FHIR® US Core Implementation Guide STU3 Release 3.1.1</a></li> </ul> <h3 id="behavior">FHIR RESTful Capabilities</h3> <p>The Client <strong>SHALL</strong>:</p> <ol> <li>Support Fetching User-Facing Lists:</li> <li>Support json source formats for all transactions.</li> </ol> <p>The Client <strong>SHOULD</strong>:</p> <ol> <li>Support Discovery of User Facing Patient Lists:</li> <li>Support Fetching Additional Data about each Patient in a User Facing Patient Lists <ul> <li>Support multipleOr values for the <code>patient</code> search parameter</li> </ul> </li> <li>Declare a CapabilityStatement identifying the transactions and profiles supported.</li> <li>Support xml source formats for all transactions</li> </ol> <p id="security"><strong>Security:</strong></p> <ol> <li>See the <a href="http://hl7.org/fhir/us/core/security.html">US Core General Security Considerations</a> section for requirements and recommendations.</li> </ol> <p><strong>Summary of System Wide Interactions</strong></p> <ul> <li><strong>MAY</strong> support the <code>transaction</code> interaction.</li> <li><strong>MAY</strong> support the <code>batch</code> interaction.</li> <li><strong>MAY</strong> support the <code>search-system</code> interaction.</li> <li><strong>MAY</strong> support the <code>history-system</code> interaction.</li> </ul> <h3 id="resource--details" class="no_toc">RESTful Capabilities by Resource/Profile:</h3> <p><strong>Summary of Search Criteria</strong></p> <table class="grid"> <thead> <tr> <th>Resource Type</th> <th>Supported Profiles</th> <th>Supported Searches</th> <th>Supported <code>_includes</code></th> <th>Supported <code>_revincludes</code></th> <th>Supported Operations</th> </tr> </thead> <tbody> <tr> <td> <a href="#appointment">Appointment</a> </td> <td> </td> <td> _id </td> <td> </td> <td> </td> <td> </td> </tr> <tr> <td> <a href="#encounter">Encounter</a> </td> <td> <a href="http://hl7.org/fhir/us/core/StructureDefinition/us-core-encounter">US Core Encounter Profile</a> </td> <td> _id </td> <td> </td> <td> </td> <td> </td> </tr> <tr> <td> <a href="#group">Group</a> </td> <td> <a href="StructureDefinition-patientlist.html">Argonaut User Facing Patient List (Group) Profile</a> </td> <td> type, _summary, managing-entity, characteristic, value-reference, _include, _id characteristic+value-reference </td> <td> Group:member </td> <td> </td> <td> </td> </tr> <tr> <td> <a href="#questionnaire">Questionnaire</a> </td> <td> <a href="http://hl7.org/fhir/uv/sdc/StructureDefinition/sdc-questionnaire">SDC Base Questionnaire</a> </td> <td> _id </td> <td> </td> <td> </td> <td> </td> </tr> <tr> <td> <a href="#questionnaireresponse">QuestionnaireResponse</a> </td> <td> <a href="http://hl7.org/fhir/uv/sdc/StructureDefinition/sdc-questionnaireresponse">SDC Questionnaire Response</a> </td> <td> _id </td> <td> </td> <td> </td> <td> </td> </tr> </tbody> </table> <h4 id="appointment" class="no_toc">Appointment</h4> <p>Conformance Expectation: <strong>SHOULD</strong></p> <p>Resource Specific Documentation:</p> <blockquote><p>For getting additional data about Group members, the Argonaut Patient List (Group) Profile support an extension on the <code>Group.member</code> element for directly accessing one or more Appointment resources for each patient on the patient list. The Server <strong>MAY</strong> supply one or both of these extensions so that the Client can efficiently fetch the Appointment resource.</p> </blockquote> <p>Profile Interaction Summary:</p> <ul> <li><strong>SHOULD</strong> support <code>search-type</code>, <code>read</code>.</li><li><strong>MAY</strong> support <code>create</code>, <code>vread</code>, <code>update</code>, <code>patch</code>, <code>delete</code>, <code>history-instance</code>, <code>history-type</code>.</li> </ul> <p>Fetch and Search Criteria:</p> <ul> <li> A Client <strong>SHOULD</strong> be capable of fetching a Appointment resource using: <code class="highlighter-rouge">GET [base]/Appointment/[id]</code> </li> </ul> <p>Search Parameter Summary:</p> <table class="grid"> <thead> <tr> <th>Conformance</th> <th>Parameter</th> <th>Type</th> <th>Documentation</th> </tr> </thead> <tbody><tr> <td> <strong>SHOULD</strong> </td> <td> <a href="http://hl7.org/fhir/R4/search.html"> _id</a> </td> <td> token </td> <td align="left"> <p>for fetching of additional appointment data about group members. The Client <strong>MAY</strong> use with comma-separated values.</p> </td> </tr> </tbody> </table> <hr/> <h4 id="encounter" class="no_toc">Encounter</h4> <p>Conformance Expectation: <strong>SHOULD</strong></p> <p>Supported Profiles: <a href="http://hl7.org/fhir/us/core/StructureDefinition/us-core-encounter">US Core Encounter Profile</a> </p> <p>Resource Specific Documentation:</p> <blockquote><p>For getting additional data about Group members, the Argonaut Patient List (Group) Profile supports an extension on the <code>Group.member</code> element for directly accessing one or more Encounter resources for each patient on the patient list. The Server <strong>MAY</strong> supply one or both of these extensions so that the Client can efficiently fetch the Encounter resource.</p> </blockquote> <p>Profile Interaction Summary:</p> <ul> <li><strong>SHOULD</strong> support <code>search-type</code>, <code>read</code>.</li><li><strong>MAY</strong> support <code>create</code>, <code>vread</code>, <code>update</code>, <code>patch</code>, <code>delete</code>, <code>history-instance</code>, <code>history-type</code>.</li> </ul> <p>Fetch and Search Criteria:</p> <ul> <li> A Client <strong>SHOULD</strong> be capable of fetching a Encounter resource using: <code class="highlighter-rouge">GET [base]/Encounter/[id]</code> </li> </ul> <p>Search Parameter Summary:</p> <table class="grid"> <thead> <tr> <th>Conformance</th> <th>Parameter</th> <th>Type</th> <th>Documentation</th> </tr> </thead> <tbody><tr> <td> <strong>SHOULD</strong> </td> <td> <a href="http://hl7.org/fhir/R4/search.html"> _id</a> </td> <td> token </td> <td align="left"> <p>for fetching of additional encounter data about group members. The Client <strong>MAY</strong> use with comma-separated values.</p> </td> </tr> </tbody> </table> <hr/> <h4 id="group" class="no_toc">Group</h4> <p>Conformance Expectation: <strong>SHALL</strong></p> <p>Supported Profiles: <a href="StructureDefinition-patientlist.html">Argonaut User Facing Patient List (Group) Profile</a> </p> <p>Resource Specific Documentation:</p> <blockquote><p>Required resource type for discovery and fetching of user facing lists.</p> </blockquote> <p>Profile Interaction Summary:</p> <ul> <li><strong>SHALL</strong> support <code>read</code>.</li><li><strong>SHOULD</strong> support <code>search-type</code><sup>†</sup>, <code>vread</code>.</li><li><strong>MAY</strong> support <code>create</code>, <code>update</code>, <code>patch</code>, <code>delete</code>, <code>history-instance</code>, <code>history-type</code>.</li> </ul> <blockquote>search-type<sup>†</sup><ol> <li> <p>Clients <strong>SHALL</strong> use the following required search parameters and parameter values for discovery of user-facing lists:</p> <ul> <li>_summary=“true”</li> <li>type=“person”.</li> </ul> </li> <li> <p>Clients <strong>MAY</strong> discover all available patient lists that are managed by a particular organization or practitioner&#39; using the required parameters and the <code>managing-entity</code> search parameter.</p> </li> <li> <p>Clients <strong>MAY</strong> discover all available patient lists that have a particular characteristic using the required parameters and the combination of <code>characteristic</code> and <code>value-reference</code> search parameters</p> </li> </ol> </blockquote> <p>Fetch and Search Criteria:</p> <ul> <li> A Client <strong>SHALL</strong> be capable of fetching a Group resource using: <code class="highlighter-rouge">GET [base]/Group/[id]</code> </li> <li> A Client <strong>SHOULD</strong> be capable of supporting the following _includes: Group:member - <code class="highlighter-rouge">GET [base]/Group?[parameter=value]&amp;_include=Group:member</code> </li> </ul> <p>Search Parameter Summary:</p> <table class="grid"> <thead> <tr> <th>Conformance</th> <th>Parameter</th> <th>Type</th> <th>Documentation</th> </tr> </thead> <tbody><tr> <td> <strong>SHOULD</strong> </td> <td> <a href="http://hl7.org/fhir/R4/group.html#search"> type</a> </td> <td> token </td> <td align="left"> <p>required search parameters and parameter value <code> type=person</code> for discovery of user-facing lists:</p> </td> </tr><tr> <td> <strong>SHOULD</strong> </td> <td> <a href="http://hl7.org/fhir/R4/search.html"> _summary</a> </td> <td> token </td> <td align="left"> <p>required search parameters and parameter value <code> type=person</code> for discovery of user-facing lists:</p> </td> </tr><tr> <td> <strong>SHOULD</strong> </td> <td> <a href="http://hl7.org/fhir/R4/group.html#search"> managing-entity</a> </td> <td> reference </td> <td align="left"> <p>for discovery of user-facing lists managed by a particular organization or practitioner</p> </td> </tr><tr> <td> <strong>SHOULD</strong> </td> <td> <a href="http://hl7.org/fhir/R4/group.html#search"> characteristic</a> </td> <td> token </td> <td align="left"> <p>for discovery of user-facing lists by a characteristic used in combination with <code>value-reference</code></p> </td> </tr><tr> <td> <strong>SHOULD</strong> </td> <td> <a href="SearchParameter-argonaut-group-value-reference.html"> value-reference</a> </td> <td> reference </td> <td align="left"> <p>for discovery of user-facing lists by a characteristic used in combination with <code>characteristic</code></p> </td> </tr><tr> <td> <strong>SHOULD</strong> </td> <td> <a href="http://hl7.org/fhir/R4/search.html"> _include</a> </td> <td> token </td> <td align="left"> <p>the <code>_include</code> parameter can be used when fetching a Group resource to include all the Patient resources in addition to Group</p> </td> </tr><tr> <td> <strong>SHOULD</strong> </td> <td> <a href="http://hl7.org/fhir/R4/search.html"> _id</a> </td> <td> token </td> <td align="left"> <p>for fetching of user facing lists</p> </td> </tr> </tbody> </table> <p>Search Parameter Combination Summary:</p> <table class="grid"> <thead> <tr> <th>Conformance</th> <th>Parameter Combination</th> <th>Types</th> </tr> </thead> <tbody> <tr> <td><strong>MAY</strong> </td> <td>characteristic+value-reference </td> <td>token+reference </td> </tr> </tbody> </table> <hr/> <h4 id="questionnaire" class="no_toc">Questionnaire</h4> <p>Conformance Expectation: <strong>SHOULD</strong></p> <p>Supported Profiles: <a href="http://hl7.org/fhir/uv/sdc/StructureDefinition/sdc-questionnaire">SDC Base Questionnaire</a> </p> <p>Resource Specific Documentation:</p> <blockquote><p>For getting additional data about Group members, the Argonaut Patient List (Group) Profile supports 2 extension for directly accessing the Group level Questionnaire and the resultant pre-filled QuestionnaireResponse form for each patient on the patient list: The Server <strong>MAY</strong> supply these extensions so that the Client can fetch the form definitions in the Questionnaire resource and the form data in the QuestionnaireResponse resource.</p> </blockquote> <p>Profile Interaction Summary:</p> <ul> <li><strong>SHOULD</strong> support <code>search-type</code>, <code>read</code>.</li><li><strong>MAY</strong> support <code>create</code>, <code>vread</code>, <code>update</code>, <code>patch</code>, <code>delete</code>, <code>history-instance</code>, <code>history-type</code>.</li> </ul> <p>Fetch and Search Criteria:</p> <ul> <li> A Client <strong>SHOULD</strong> be capable of fetching a Questionnaire resource using: <code class="highlighter-rouge">GET [base]/Questionnaire/[id]</code> </li> </ul> <p>Search Parameter Summary:</p> <table class="grid"> <thead> <tr> <th>Conformance</th> <th>Parameter</th> <th>Type</th> <th>Documentation</th> </tr> </thead> <tbody><tr> <td> <strong>SHOULD</strong> </td> <td> <a href="http://hl7.org/fhir/R4/search.html"> _id</a> </td> <td> token </td> <td align="left"> <p>for fetching the definitions of associated data about group members represented in the Questionnaire resource. The Client <strong>MAY</strong> use with comma-separated values.</p> </td> </tr> </tbody> </table> <hr/> <h4 id="questionnaireresponse" class="no_toc">QuestionnaireResponse</h4> <p>Conformance Expectation: <strong>SHOULD</strong></p> <p>Supported Profiles: <a href="http://hl7.org/fhir/uv/sdc/StructureDefinition/sdc-questionnaireresponse">SDC Questionnaire Response</a> </p> <p>Resource Specific Documentation:</p> <blockquote><p>For getting additional data about Group members, the Argonaut Patient List (Group) Profile supports 2 extension for directly accessing the Group level Questionnaire and the resultant pre-filled QuestionnaireResponse form for each patient on the patient list: The Server <strong>MAY</strong> supply these extensions so that the Client can fetch the form definitions in the Questionnaire resource and the form data in the QuestionnaireResponse resource.</p> </blockquote> <p>Profile Interaction Summary:</p> <ul> <li><strong>SHOULD</strong> support <code>search-type</code>, <code>read</code>.</li><li><strong>MAY</strong> support <code>create</code>, <code>vread</code>, <code>update</code>, <code>patch</code>, <code>delete</code>, <code>history-instance</code>, <code>history-type</code>.</li> </ul> <p>Fetch and Search Criteria:</p> <ul> <li> A Client <strong>SHOULD</strong> be capable of fetching a QuestionnaireResponse resource using: <code class="highlighter-rouge">GET [base]/QuestionnaireResponse/[id]</code> </li> </ul> <p>Search Parameter Summary:</p> <table class="grid"> <thead> <tr> <th>Conformance</th> <th>Parameter</th> <th>Type</th> <th>Documentation</th> </tr> </thead> <tbody><tr> <td> <strong>SHOULD</strong> </td> <td> <a href="http://hl7.org/fhir/R4/search.html"> _id</a> </td> <td> token </td> <td align="left"> <p>for fetching associated data about group members represented in the QuestionnaireResponse resource. The Client <strong>MAY</strong> use with comma-separated values.</p> </td> </tr> </tbody> </table> <hr/> </div></text><url value="http://www.fhir.org/guides/argonaut/patient-list/CapabilityStatement/client"/><version value="0.1.0"/><name value="ClientCapabilityStatement"/><title value="Client CapabilityStatement"/><status value="active"/><experimental value="false"/><date value="2021-01-27"/><publisher value="Argonaut Project"/><contact><telecom><system value="url"/><value value="https://confluence.hl7.org/display/AP/Argonaut+Project+Home"/></telecom></contact><description value="This CapabilityStatement outlines the conformance requirements and expectations for Argonaut User Facing Patient List **Client applications**.  It identifies the specific profiles and RESTful transactions for  requesting user facing patient list data from an EHR using the Argonaut User Facing Patient List API.  This includes the following interactions:&#xA;&#xA;1. Discovery of User Facing Patient Lists&#xA;2. Fetching User Facing Patient Lists&#xA;3. Fetching Additional Data about each Patient in a User Facing Patient Lists&#xA;&#xA;This is a [Requirements CapabilityStatement](http://hl7.org/fhir/capabilitystatement.html#requirements) describing what capabilities are potentially relevant.  It can be used as a template for creating an [Instance CapabilityStatement](http://hl7.org/fhir/capabilitystatement.html#instance) by removing expectation extensions and making actual assertions associated with each capability to describe the capabilities of a deployed and configured implementation.&#xA;"/><jurisdiction><coding><system value="urn:iso:std:iso:3166"/><code value="US"/></coding></jurisdiction><kind value="requirements"/><fhirVersion value="4.0.1"/><format value="xml"/><format value="json"/><patchFormat value="application/json-patch+json"/><implementationGuide value="http://www.fhir.org/guides/argonaut/patient-list/ImplementationGuide/ig"/><implementationGuide value="http://hl7.org/fhir/us/core/ImplementationGuide/hl7.fhir.us.core|3.1.1"/><rest><mode value="client"/><documentation value="The Client **SHALL**:&#xA;&#xA;1. Support Fetching User-Facing Lists:&#xA;1. Support json source formats for all transactions.&#xA;&#xA;The Client **SHOULD**:&#xA;&#xA;1. Support Discovery of User Facing Patient Lists:&#xA;1. Support Fetching Additional Data about each Patient in a User Facing Patient Lists&#xA;     - Support multipleOr values for the `patient` search parameter&#xA;1. Declare a CapabilityStatement identifying the transactions and profiles supported.&#xA;1. Support xml source formats for all transactions&#xA;"/><security><description value="1. See the [US Core General Security Considerations](http://hl7.org/fhir/us/core/security.html) section for requirements and recommendations."/></security><resource><extension url="http://hl7.org/fhir/StructureDefinition/capabilitystatement-expectation"><valueCode value="SHOULD"/></extension><type value="Appointment"/><documentation value="For getting additional data about Group members, the Argonaut Patient List (Group) Profile support an extension on the `Group.member` element for directly accessing one or more Appointment  resources for each patient on the patient list. The Server **MAY** supply one or both of these extensions so that the Client can efficiently fetch the Appointment  resource."/><interaction><extension url="http://hl7.org/fhir/StructureDefinition/capabilitystatement-expectation"><valueCode value="MAY"/></extension><code value="create"/></interaction><interaction><extension url="http://hl7.org/fhir/StructureDefinition/capabilitystatement-expectation"><valueCode value="SHOULD"/></extension><code value="search-type"/></interaction><interaction><extension url="http://hl7.org/fhir/StructureDefinition/capabilitystatement-expectation"><valueCode value="SHOULD"/></extension><code value="read"/></interaction><interaction><extension url="http://hl7.org/fhir/StructureDefinition/capabilitystatement-expectation"><valueCode value="MAY"/></extension><code value="vread"/></interaction><interaction><extension url="http://hl7.org/fhir/StructureDefinition/capabilitystatement-expectation"><valueCode value="MAY"/></extension><code value="update"/></interaction><interaction><extension url="http://hl7.org/fhir/StructureDefinition/capabilitystatement-expectation"><valueCode value="MAY"/></extension><code value="patch"/></interaction><interaction><extension url="http://hl7.org/fhir/StructureDefinition/capabilitystatement-expectation"><valueCode value="MAY"/></extension><code value="delete"/></interaction><interaction><extension url="http://hl7.org/fhir/StructureDefinition/capabilitystatement-expectation"><valueCode value="MAY"/></extension><code value="history-instance"/></interaction><interaction><extension url="http://hl7.org/fhir/StructureDefinition/capabilitystatement-expectation"><valueCode value="MAY"/></extension><code value="history-type"/></interaction><searchParam><extension url="http://hl7.org/fhir/StructureDefinition/capabilitystatement-expectation"><valueCode value="SHOULD"/></extension><name value="_id"/><definition value="http://hl7.org/fhir/SearchParameter/Resource-id"/><type value="token"/><documentation value=" for fetching of additional appointment data about group members.  The Client **MAY** use with comma-separated values."/></searchParam></resource><resource><extension url="http://hl7.org/fhir/StructureDefinition/capabilitystatement-expectation"><valueCode value="SHOULD"/></extension><type value="Encounter"/><supportedProfile value="http://hl7.org/fhir/us/core/StructureDefinition/us-core-encounter"/><documentation value="For getting additional data about Group members, the Argonaut Patient List (Group) Profile supports an  extension on the `Group.member` element for directly accessing one or more  Encounter resources for each patient on the patient list. The Server **MAY** supply one or both of these extensions so that the Client can efficiently fetch the  Encounter resource."/><interaction><extension url="http://hl7.org/fhir/StructureDefinition/capabilitystatement-expectation"><valueCode value="MAY"/></extension><code value="create"/></interaction><interaction><extension url="http://hl7.org/fhir/StructureDefinition/capabilitystatement-expectation"><valueCode value="SHOULD"/></extension><code value="search-type"/></interaction><interaction><extension url="http://hl7.org/fhir/StructureDefinition/capabilitystatement-expectation"><valueCode value="SHOULD"/></extension><code value="read"/></interaction><interaction><extension url="http://hl7.org/fhir/StructureDefinition/capabilitystatement-expectation"><valueCode value="MAY"/></extension><code value="vread"/></interaction><interaction><extension url="http://hl7.org/fhir/StructureDefinition/capabilitystatement-expectation"><valueCode value="MAY"/></extension><code value="update"/></interaction><interaction><extension url="http://hl7.org/fhir/StructureDefinition/capabilitystatement-expectation"><valueCode value="MAY"/></extension><code value="patch"/></interaction><interaction><extension url="http://hl7.org/fhir/StructureDefinition/capabilitystatement-expectation"><valueCode value="MAY"/></extension><code value="delete"/></interaction><interaction><extension url="http://hl7.org/fhir/StructureDefinition/capabilitystatement-expectation"><valueCode value="MAY"/></extension><code value="history-instance"/></interaction><interaction><extension url="http://hl7.org/fhir/StructureDefinition/capabilitystatement-expectation"><valueCode value="MAY"/></extension><code value="history-type"/></interaction><searchParam><extension url="http://hl7.org/fhir/StructureDefinition/capabilitystatement-expectation"><valueCode value="SHOULD"/></extension><name value="_id"/><definition value="http://hl7.org/fhir/SearchParameter/Resource-id"/><type value="token"/><documentation value=" for fetching of additional encounter data about group members. The Client **MAY** use with comma-separated values."/></searchParam></resource><resource><extension url="http://hl7.org/fhir/StructureDefinition/capabilitystatement-expectation"><valueCode value="SHALL"/></extension><extension url="http://hl7.org/fhir/StructureDefinition/capabilitystatement-search-parameter-combination"><extension url="http://hl7.org/fhir/StructureDefinition/capabilitystatement-expectation"><valueCode value="MAY"/></extension><extension url="required"><valueString value="characteristic"/></extension><extension url="required"><valueString value="value-reference"/></extension></extension><type value="Group"/><supportedProfile value="http://www.fhir.org/guides/argonaut/patient-list/StructureDefinition/patientlist"/><documentation value="Required resource type for discovery and fetching of user facing lists."/><interaction><extension url="http://hl7.org/fhir/StructureDefinition/capabilitystatement-expectation"><valueCode value="MAY"/></extension><code value="create"/></interaction><interaction><extension url="http://hl7.org/fhir/StructureDefinition/capabilitystatement-expectation"><valueCode value="SHOULD"/></extension><code value="search-type"/><documentation value="1. Clients **SHALL** use the following required search parameters and parameter values for discovery of user-facing lists:&#xA;&#xA;   - _summary=&#x201C;true&#x201D;&#xA;   - type=&#x201C;person&#x201D;.&#xA;&#xA;1. Clients **MAY** discover all available patient lists that are managed by a particular organization or practitioner&#39; using the required parameters and the `managing-entity` search parameter.&#xA;&#xA;1. Clients **MAY** discover all available patient lists that have a particular characteristic using the required parameters and the combination of `characteristic` and `value-reference` search parameters "/></interaction><interaction><extension url="http://hl7.org/fhir/StructureDefinition/capabilitystatement-expectation"><valueCode value="SHALL"/></extension><code value="read"/></interaction><interaction><extension url="http://hl7.org/fhir/StructureDefinition/capabilitystatement-expectation"><valueCode value="SHOULD"/></extension><code value="vread"/></interaction><interaction><extension url="http://hl7.org/fhir/StructureDefinition/capabilitystatement-expectation"><valueCode value="MAY"/></extension><code value="update"/></interaction><interaction><extension url="http://hl7.org/fhir/StructureDefinition/capabilitystatement-expectation"><valueCode value="MAY"/></extension><code value="patch"/></interaction><interaction><extension url="http://hl7.org/fhir/StructureDefinition/capabilitystatement-expectation"><valueCode value="MAY"/></extension><code value="delete"/></interaction><interaction><extension url="http://hl7.org/fhir/StructureDefinition/capabilitystatement-expectation"><valueCode value="MAY"/></extension><code value="history-instance"/></interaction><interaction><extension url="http://hl7.org/fhir/StructureDefinition/capabilitystatement-expectation"><valueCode value="MAY"/></extension><code value="history-type"/></interaction><searchInclude value="Group:member"/><searchParam><extension url="http://hl7.org/fhir/StructureDefinition/capabilitystatement-expectation"><valueCode value="SHOULD"/></extension><name value="type"/><definition value="http://hl7.org/fhir/SearchParameter/Group-type"/><type value="token"/><documentation value="required search parameters and parameter value ` type=person`  for discovery of user-facing lists:"/></searchParam><searchParam><extension url="http://hl7.org/fhir/StructureDefinition/capabilitystatement-expectation"><valueCode value="SHOULD"/></extension><name value="_summary"/><definition value="http://hl7.org/fhir/SearchParameter/Resource-summary"/><type value="token"/><documentation value="required search parameters and parameter value ` type=person`  for discovery of user-facing lists:"/></searchParam><searchParam><extension url="http://hl7.org/fhir/StructureDefinition/capabilitystatement-expectation"><valueCode value="SHOULD"/></extension><name value="managing-entity"/><definition value="http://hl7.org/fhir/SearchParameter/Group-managing-entity"/><type value="reference"/><documentation value="for discovery of user-facing lists managed by a particular organization or practitioner"/></searchParam><searchParam><extension url="http://hl7.org/fhir/StructureDefinition/capabilitystatement-expectation"><valueCode value="SHOULD"/></extension><name value="characteristic"/><definition value="http://hl7.org/fhir/SearchParameter/Group-characteristic"/><type value="token"/><documentation value="for discovery of user-facing lists by a characteristic used in combination with `value-reference`"/></searchParam><searchParam><extension url="http://hl7.org/fhir/StructureDefinition/capabilitystatement-expectation"><valueCode value="SHOULD"/></extension><name value="value-reference"/><definition value="http://www.fhir.org/guides/argonaut/patient-list/SearchParameter/argonaut-group-value-reference"/><type value="reference"/><documentation value="for discovery of user-facing lists by a characteristic used in combination with `characteristic`"/></searchParam><searchParam><extension url="http://hl7.org/fhir/StructureDefinition/capabilitystatement-expectation"><valueCode value="SHOULD"/></extension><name value="_include"/><definition value="http://hl7.org/fhir/SearchParameter/Resource-include"/><type value="token"/><documentation value="the `_include` parameter can be used when fetching a Group resource to include all the Patient resources in addition to Group"/></searchParam><searchParam><extension url="http://hl7.org/fhir/StructureDefinition/capabilitystatement-expectation"><valueCode value="SHOULD"/></extension><name value="_id"/><definition value="http://hl7.org/fhir/SearchParameter/Resource-id"/><type value="token"/><documentation value=" for fetching of user facing lists"/></searchParam></resource><resource><extension url="http://hl7.org/fhir/StructureDefinition/capabilitystatement-expectation"><valueCode value="SHOULD"/></extension><type value="Questionnaire"/><supportedProfile value="http://hl7.org/fhir/uv/sdc/StructureDefinition/sdc-questionnaire"/><documentation value="For getting additional data about Group members, the Argonaut Patient List (Group) Profile supports 2 extension for directly accessing the Group level Questionnaire and the resultant pre-filled QuestionnaireResponse form for each patient on the patient list: The Server **MAY** supply  these extensions so that the Client can fetch the form definitions in the Questionnaire resource and the form data in the QuestionnaireResponse resource."/><interaction><extension url="http://hl7.org/fhir/StructureDefinition/capabilitystatement-expectation"><valueCode value="MAY"/></extension><code value="create"/></interaction><interaction><extension url="http://hl7.org/fhir/StructureDefinition/capabilitystatement-expectation"><valueCode value="SHOULD"/></extension><code value="search-type"/></interaction><interaction><extension url="http://hl7.org/fhir/StructureDefinition/capabilitystatement-expectation"><valueCode value="SHOULD"/></extension><code value="read"/></interaction><interaction><extension url="http://hl7.org/fhir/StructureDefinition/capabilitystatement-expectation"><valueCode value="MAY"/></extension><code value="vread"/></interaction><interaction><extension url="http://hl7.org/fhir/StructureDefinition/capabilitystatement-expectation"><valueCode value="MAY"/></extension><code value="update"/></interaction><interaction><extension url="http://hl7.org/fhir/StructureDefinition/capabilitystatement-expectation"><valueCode value="MAY"/></extension><code value="patch"/></interaction><interaction><extension url="http://hl7.org/fhir/StructureDefinition/capabilitystatement-expectation"><valueCode value="MAY"/></extension><code value="delete"/></interaction><interaction><extension url="http://hl7.org/fhir/StructureDefinition/capabilitystatement-expectation"><valueCode value="MAY"/></extension><code value="history-instance"/></interaction><interaction><extension url="http://hl7.org/fhir/StructureDefinition/capabilitystatement-expectation"><valueCode value="MAY"/></extension><code value="history-type"/></interaction><searchParam><extension url="http://hl7.org/fhir/StructureDefinition/capabilitystatement-expectation"><valueCode value="SHOULD"/></extension><name value="_id"/><definition value="http://hl7.org/fhir/SearchParameter/Resource-id"/><type value="token"/><documentation value="for fetching the definitions of associated data about group members represented in the Questionnaire resource. The Client **MAY** use with comma-separated values."/></searchParam></resource><resource><extension url="http://hl7.org/fhir/StructureDefinition/capabilitystatement-expectation"><valueCode value="SHOULD"/></extension><type value="QuestionnaireResponse"/><supportedProfile value="http://hl7.org/fhir/uv/sdc/StructureDefinition/sdc-questionnaireresponse"/><documentation value="For getting additional data about Group members, the Argonaut Patient List (Group) Profile supports 2 extension for directly accessing the Group level Questionnaire and the resultant pre-filled QuestionnaireResponse form for each patient on the patient list: The Server **MAY** supply  these extensions so that the Client can fetch the form definitions in the Questionnaire resource and the form data in the QuestionnaireResponse resource."/><interaction><extension url="http://hl7.org/fhir/StructureDefinition/capabilitystatement-expectation"><valueCode value="MAY"/></extension><code value="create"/></interaction><interaction><extension url="http://hl7.org/fhir/StructureDefinition/capabilitystatement-expectation"><valueCode value="SHOULD"/></extension><code value="search-type"/></interaction><interaction><extension url="http://hl7.org/fhir/StructureDefinition/capabilitystatement-expectation"><valueCode value="SHOULD"/></extension><code value="read"/></interaction><interaction><extension url="http://hl7.org/fhir/StructureDefinition/capabilitystatement-expectation"><valueCode value="MAY"/></extension><code value="vread"/></interaction><interaction><extension url="http://hl7.org/fhir/StructureDefinition/capabilitystatement-expectation"><valueCode value="MAY"/></extension><code value="update"/></interaction><interaction><extension url="http://hl7.org/fhir/StructureDefinition/capabilitystatement-expectation"><valueCode value="MAY"/></extension><code value="patch"/></interaction><interaction><extension url="http://hl7.org/fhir/StructureDefinition/capabilitystatement-expectation"><valueCode value="MAY"/></extension><code value="delete"/></interaction><interaction><extension url="http://hl7.org/fhir/StructureDefinition/capabilitystatement-expectation"><valueCode value="MAY"/></extension><code value="history-instance"/></interaction><interaction><extension url="http://hl7.org/fhir/StructureDefinition/capabilitystatement-expectation"><valueCode value="MAY"/></extension><code value="history-type"/></interaction><searchParam><extension url="http://hl7.org/fhir/StructureDefinition/capabilitystatement-expectation"><valueCode value="SHOULD"/></extension><name value="_id"/><definition value="http://hl7.org/fhir/SearchParameter/Resource-id"/><type value="token"/><documentation value=" for fetching associated data about group members represented in the QuestionnaireResponse resource. The Client **MAY** use with comma-separated values."/></searchParam></resource><interaction><extension url="http://hl7.org/fhir/StructureDefinition/capabilitystatement-expectation"><valueCode value="MAY"/></extension><code value="transaction"/><documentation value="The Client **MAY** support transaction interactions to Getting Additional Data About Group Members"/></interaction><interaction><extension url="http://hl7.org/fhir/StructureDefinition/capabilitystatement-expectation"><valueCode value="MAY"/></extension><code value="batch"/><documentation value="The Client **MAY** support batch  interactions to Getting Additional Data About Group Members"/></interaction><interaction><extension url="http://hl7.org/fhir/StructureDefinition/capabilitystatement-expectation"><valueCode value="MAY"/></extension><code value="search-system"/></interaction><interaction><extension url="http://hl7.org/fhir/StructureDefinition/capabilitystatement-expectation"><valueCode value="MAY"/></extension><code value="history-system"/></interaction></rest></CapabilityStatement>