<?xml version="1.0" encoding="UTF-8"?><ImplementationGuide xmlns="http://hl7.org/fhir"><id value="ig"/><text><status value="extensions"/><div xmlns="http://www.w3.org/1999/xhtml"><h2>ArgonautPatientList</h2><p>The official URL for this implementation guide is: </p><pre>http://www.fhir.org/guides/argonaut/patient-list/ImplementationGuide/ig</pre><div><p>Support interoperable and standard exchange of existing EHR supported &quot;user-facing lists&quot;</p>
</div></div></text><url value="http://www.fhir.org/guides/argonaut/patient-list/ImplementationGuide/ig"/><version value="0.1.0"/><name value="ArgonautPatientList"/><title value="Argonaut Patient List"/><status value="active"/><date value="2020-12-11T16:52:40-08:00"/><publisher value="Argonaut Project"/><contact><telecom><system value="url"/><value value="https://confluence.hl7.org/display/AP/Argonaut+Project+Home"/></telecom></contact><description value="Support interoperable and standard exchange of existing EHR supported &quot;user-facing lists&quot;"/><packageId value="ig"/><license value="CC0-1.0"/><fhirVersion value="4.0.1"/><dependsOn id="hl7_fhir_us_core"><uri value="http://hl7.org/fhir/us/core/ImplementationGuide/hl7.fhir.us.core"/><packageId value="hl7.fhir.us.core"/><version value="3.1.1"/></dependsOn><dependsOn id="hl7_fhir_uv_sdc"><uri value="http://hl7.org/fhir/uv/sdc/ImplementationGuide/hl7.fhir.uv.sdc"/><packageId value="hl7.fhir.uv.sdc"/><version value="current"/></dependsOn><definition><extension url="http://hl7.org/fhir/tools/StructureDefinition/ig-parameter"><extension url="code"><valueString value="copyrightyear"/></extension><extension url="value"><valueString value="2020+"/></extension></extension><extension url="http://hl7.org/fhir/tools/StructureDefinition/ig-parameter"><extension url="code"><valueString value="releaselabel"/></extension><extension url="value"><valueString value="CI Build"/></extension></extension><extension url="http://hl7.org/fhir/tools/StructureDefinition/ig-parameter"><extension url="code"><valueString value="show-inherited-invariants"/></extension><extension url="value"><valueString value="false"/></extension></extension><extension url="http://hl7.org/fhir/tools/StructureDefinition/ig-parameter"><extension url="code"><valueString value="usage-stats-opt-out"/></extension><extension url="value"><valueString value="false"/></extension></extension><extension url="http://hl7.org/fhir/tools/StructureDefinition/ig-parameter"><extension url="code"><valueString value="path-output"/></extension><extension url="value"><valueString value="docs"/></extension></extension><extension url="http://hl7.org/fhir/tools/StructureDefinition/ig-parameter"><extension url="code"><valueString value="excludexml"/></extension><extension url="value"><valueString value="true"/></extension></extension><extension url="http://hl7.org/fhir/tools/StructureDefinition/ig-parameter"><extension url="code"><valueString value="escludejsn"/></extension><extension url="value"><valueString value="false"/></extension></extension><extension url="http://hl7.org/fhir/tools/StructureDefinition/ig-parameter"><extension url="code"><valueString value="excludettl"/></extension><extension url="value"><valueString value="true"/></extension></extension><extension url="http://hl7.org/fhir/tools/StructureDefinition/ig-parameter"><extension url="code"><valueString value="excludemap"/></extension><extension url="value"><valueString value="true"/></extension></extension><extension url="http://hl7.org/fhir/tools/StructureDefinition/ig-parameter"><extension url="code"><valueString value="excludeexample"/></extension><extension url="value"><valueString value="true"/></extension></extension><extension url="http://hl7.org/fhir/tools/StructureDefinition/ig-parameter"><extension url="code"><valueString value="autoload-resources"/></extension><extension url="value"><valueString value="true"/></extension></extension><extension url="http://hl7.org/fhir/tools/StructureDefinition/ig-parameter"><extension url="code"><valueString value="path-liquid"/></extension><extension url="value"><valueString value="template/liquid"/></extension></extension><extension url="http://hl7.org/fhir/tools/StructureDefinition/ig-parameter"><extension url="code"><valueString value="path-liquid"/></extension><extension url="value"><valueString value="input/liquid"/></extension></extension><extension url="http://hl7.org/fhir/tools/StructureDefinition/ig-parameter"><extension url="code"><valueString value="path-qa"/></extension><extension url="value"><valueString value="temp/qa"/></extension></extension><extension url="http://hl7.org/fhir/tools/StructureDefinition/ig-parameter"><extension url="code"><valueString value="path-temp"/></extension><extension url="value"><valueString value="temp/pages"/></extension></extension><extension url="http://hl7.org/fhir/tools/StructureDefinition/ig-parameter"><extension url="code"><valueString value="path-suppressed-warnings"/></extension><extension url="value"><valueString value="input/ignoreWarnings.txt"/></extension></extension><extension url="http://hl7.org/fhir/tools/StructureDefinition/ig-parameter"><extension url="code"><valueString value="path-history"/></extension><extension url="value"><valueString value="http://www.fhir.org/guides/argonaut/patient-list/history.html"/></extension></extension><extension url="http://hl7.org/fhir/tools/StructureDefinition/ig-parameter"><extension url="code"><valueString value="template-html"/></extension><extension url="value"><valueString value="template-page.html"/></extension></extension><extension url="http://hl7.org/fhir/tools/StructureDefinition/ig-parameter"><extension url="code"><valueString value="template-md"/></extension><extension url="value"><valueString value="template-page-md.html"/></extension></extension><extension url="http://hl7.org/fhir/tools/StructureDefinition/ig-parameter"><extension url="code"><valueString value="apply-contact"/></extension><extension url="value"><valueString value="true"/></extension></extension><extension url="http://hl7.org/fhir/tools/StructureDefinition/ig-parameter"><extension url="code"><valueString value="apply-context"/></extension><extension url="value"><valueString value="true"/></extension></extension><extension url="http://hl7.org/fhir/tools/StructureDefinition/ig-parameter"><extension url="code"><valueString value="apply-copyright"/></extension><extension url="value"><valueString value="true"/></extension></extension><extension url="http://hl7.org/fhir/tools/StructureDefinition/ig-parameter"><extension url="code"><valueString value="apply-jurisdiction"/></extension><extension url="value"><valueString value="true"/></extension></extension><extension url="http://hl7.org/fhir/tools/StructureDefinition/ig-parameter"><extension url="code"><valueString value="apply-license"/></extension><extension url="value"><valueString value="true"/></extension></extension><extension url="http://hl7.org/fhir/tools/StructureDefinition/ig-parameter"><extension url="code"><valueString value="apply-publisher"/></extension><extension url="value"><valueString value="true"/></extension></extension><extension url="http://hl7.org/fhir/tools/StructureDefinition/ig-parameter"><extension url="code"><valueString value="apply-version"/></extension><extension url="value"><valueString value="true"/></extension></extension><extension url="http://hl7.org/fhir/tools/StructureDefinition/ig-parameter"><extension url="code"><valueString value="active-tables"/></extension><extension url="value"><valueString value="true"/></extension></extension><grouping id="_dyn_searchparameter"><name value="Behavior: Search Parameters"/><description value="These define the properties by which a RESTful server can be searched.  They can also be used for sorting and including related resources."/></grouping><grouping id="_str_profile"><name value="Structures: Resource Profiles"/><description value="These define constraints on FHIR resources for systems conforming to this implementation guide"/></grouping><grouping id="_str_extension"><name value="Structures: Extension Definitions"/><description value="These define constraints on FHIR data types for systems conforming to this implementation guide"/></grouping><grouping id="_term_valueset"><name value="Terminology: Value Sets"/><description value="These define sets of codes used by systems conforming to this implementation guide"/></grouping><grouping id="_term_codesystem"><name value="Terminology: Code Systems"/><description value="These define new code systems used by systems conforming to this implementation guide"/></grouping><grouping id="_ex_example"><name value="Example: Example Instances"/><description value="These are example instances that show what data produced and consumed by systems conforming with this implementation guide might look like"/></grouping><resource><extension url="http://hl7.org/fhir/StructureDefinition/implementationguide-page"><valueUri value="StructureDefinition-patientlist-appointment.html"/></extension><reference><reference value="StructureDefinition/patientlist-appointment"/></reference><name value="Argonaut Patient List Member Appointment"/><description value="Some patient lists are defined by a specific appointment such as an list of patients being seen today. For these types of patient lists, an EHR **MAY** supply a reference to a specific [Appointment](http://hl7.org/fhir/appointment.html) that is the *reason* the target patient is a member of this patient list.  This extension references the relevant Appointment resource for a `Group.member` so the client app can retrieve it."/><exampleBoolean value="false"/><groupingId value="_str_extension"/></resource><resource><extension url="http://hl7.org/fhir/StructureDefinition/implementationguide-page"><valueUri value="StructureDefinition-patientlist-encounter.html"/></extension><reference><reference value="StructureDefinition/patientlist-encounter"/></reference><name value="Argonaut Patient List Member Encounter"/><description value="Some patient lists are defined by a specific encounter such as an admission list or a discharge list. For these types of patient lists, an EHR **MAY** supply a reference to a specific [Encounter](http://hl7.org/fhir/encounter.html) that is the *reason* the target patient is a member of this patient list.  This extension references the relevant Encounter resource for a `Group.member` so the client app can retrieve it.  The Encounter resource is based on the [US Core Encounter](http://hl7.org/fhir/us/core/StructureDefinition/us-core-encounter) profile."/><exampleBoolean value="false"/><groupingId value="_str_extension"/></resource><resource><extension url="http://hl7.org/fhir/StructureDefinition/implementationguide-page"><valueUri value="StructureDefinition-patientlist-questionnaire.html"/></extension><reference><reference value="StructureDefinition/patientlist-questionnaire"/></reference><name value="Argonaut Patient List Questionnaire"/><description value="An EHR **MAY** defines additional data for the members in a Patient List using a FHIR [Questionnaire](http://hl7.org/fhir/questionnaire.html)  based on the [SDC Base Questionnaire](https://build.fhir.org/ig/HL7/sdc/StructureDefinition-sdc-questionnaire.html) profile.  This extension references the Questionnaire resource so the client app can retrieve it. The *Argonaut Patient List Member QuestionnaireResponse Extension* provides a corresponding link to the completed answers to the Questionnaire for a `Group.member`.  Note that typically the EHR and not the patient supplies the responses to the Questionnaire."/><exampleBoolean value="false"/><groupingId value="_str_extension"/></resource><resource><extension url="http://hl7.org/fhir/StructureDefinition/implementationguide-page"><valueUri value="StructureDefinition-patientlist-questionnaireresponse.html"/></extension><reference><reference value="StructureDefinition/patientlist-questionnaireresponse"/></reference><name value="Argonaut Patient List Member QuestionnaireResponse"/><description value="An EHR **MAY** defines additional data for the members in a Patient List using a FHIR [Questionnaire](http://hl7.org/fhir/questionnaire.html)  based on the [SDC Base Questionnaire](https://build.fhir.org/ig/HL7/sdc/StructureDefinition-sdc-questionnaire.html) profile.  This extension references the [QuestionnaireResponse](http://hl7.org/fhir/questionnaireresponse.html) resource that represents the completed answers to the Questionnaire for a `Group.member`. The client app can use the reference to retrieve the data.  Note that typically the EHR and not the patient supplies the responses to the Questionnaire. The *Argonaut Patient List Questionnaire Extension* provides a corresponding link to the Questionnaire"/><exampleBoolean value="false"/><groupingId value="_str_extension"/></resource><resource><extension url="http://hl7.org/fhir/StructureDefinition/implementationguide-page"><valueUri value="ValueSet-argo-group-characteristic.html"/></extension><reference><reference value="ValueSet/argo-group-characteristic"/></reference><name value="Argonaut Group Characteristic Value Set"/><description value="Used to define group characteristic and limited to &#39;location&#39;or...."/><exampleBoolean value="false"/><groupingId value="_term_valueset"/></resource><resource><extension url="http://hl7.org/fhir/StructureDefinition/implementationguide-page"><valueUri value="CodeSystem-argo-group-characteristic.html"/></extension><reference><reference value="CodeSystem/argo-group-characteristic"/></reference><name value="Argonaut Group Characteristic Code System"/><description value="Used to define group characteristic and limited to &#39;location&#39;or &#39;team&#39; or &#39;organization&#39; or &#39;practitioner&#39;"/><exampleBoolean value="false"/><groupingId value="_term_codesystem"/></resource><resource><extension url="http://hl7.org/fhir/StructureDefinition/implementationguide-page"><valueUri value="SearchParameter-Group-value-reference.html"/></extension><reference><reference value="SearchParameter/Group-value-reference"/></reference><name value="GroupValueReference"/><description value="Reference value held by characteristic"/><exampleBoolean value="false"/><groupingId value="_dyn_searchparameter"/></resource><resource><extension url="http://hl7.org/fhir/StructureDefinition/implementationguide-page"><valueUri value="StructureDefinition-argo-patientlist.html"/></extension><reference><reference value="StructureDefinition/argo-patientlist"/></reference><name value="Argonaut Patient List (Group) Profile"/><description value="This profile sets minimum expectations for the [Group](http://hl7.org/fhir/group.html) resource to record, search, and fetch user-facing patient lists."/><exampleBoolean value="false"/><groupingId value="_str_profile"/></resource><resource><extension url="http://hl7.org/fhir/StructureDefinition/implementationguide-page"><valueUri value="Observation-test.html"/></extension><reference><reference value="Observation/test"/></reference><name value="FOO"/><description value="###FOO&#xA;- bar"/><exampleBoolean value="true"/><groupingId value="_ex_example"/></resource><page><nameUrl value="toc.html"/><title value="Table of Contents"/><generation value="html"/><page><nameUrl value="index.html"/><title value="Home"/><generation value="markdown"/></page><page><nameUrl value="artifacts.html"/><title value="Artifacts Summary"/><generation value="html"/><page><nameUrl value="SearchParameter-Group-value-reference.html"/><title value="GroupValueReference"/><generation value="generated"/></page><page><nameUrl value="StructureDefinition-argo-patientlist.html"/><title value="Argonaut Patient List (Group) Profile"/><generation value="generated"/></page><page><nameUrl value="StructureDefinition-patientlist-appointment.html"/><title value="Argonaut Patient List Member Appointment"/><generation value="generated"/></page><page><nameUrl value="StructureDefinition-patientlist-encounter.html"/><title value="Argonaut Patient List Member Encounter"/><generation value="generated"/></page><page><nameUrl value="StructureDefinition-patientlist-questionnaire.html"/><title value="Argonaut Patient List Questionnaire"/><generation value="generated"/></page><page><nameUrl value="StructureDefinition-patientlist-questionnaireresponse.html"/><title value="Argonaut Patient List Member QuestionnaireResponse"/><generation value="generated"/></page><page><nameUrl value="ValueSet-argo-group-characteristic.html"/><title value="Argonaut Group Characteristic Value Set"/><generation value="generated"/></page><page><nameUrl value="CodeSystem-argo-group-characteristic.html"/><title value="Argonaut Group Characteristic Code System"/><generation value="generated"/></page><page><nameUrl value="Observation-test.html"/><title value="FOO"/><generation value="generated"/></page></page></page><parameter><code value="path-resource"/><value value="input/resources"/></parameter><parameter><code value="path-resource"/><value value="fsh-generated/resources"/></parameter><parameter><code value="path-pages"/><value value="input/pagecontent"/></parameter><parameter><code value="path-pages"/><value value="fsh-generated/includes"/></parameter><parameter><code value="path-resource"/><value value="input/capabilities"/></parameter><parameter><code value="path-resource"/><value value="input/examples"/></parameter><parameter><code value="path-resource"/><value value="input/extensions"/></parameter><parameter><code value="path-resource"/><value value="input/models"/></parameter><parameter><code value="path-resource"/><value value="input/operations"/></parameter><parameter><code value="path-resource"/><value value="input/profiles"/></parameter><parameter><code value="path-resource"/><value value="input/vocabulary"/></parameter><parameter><code value="path-resource"/><value value="input/testing"/></parameter><parameter><code value="path-resource"/><value value="input/history"/></parameter><parameter><code value="path-pages"/><value value="template/config"/></parameter><parameter><code value="path-pages"/><value value="input/images"/></parameter><parameter><code value="path-tx-cache"/><value value="input-cache/txcache"/></parameter></definition></ImplementationGuide>