<?xml version="1.0" encoding="UTF-8"?><SearchParameter xmlns="http://hl7.org/fhir"><id value="Group-value-reference"/><url value="http://www.fhir.org/guides/argonaut/patient-list/SearchParameter/Group-value-reference"/><version value="0.1.0"/><name value="GroupValueReference"/><status value="draft"/><experimental value="false"/><date value="2020-09-02"/><publisher value="Argonaut Project"/><contact><telecom><system value="url"/><value value="https://confluence.hl7.org/display/AP/Argonaut+Project+Home"/></telecom></contact><description value="Reference value held by characteristic"/><code value="value-reference"/><base value="Group"/><type value="reference"/><expression value="Group.characteristic.value as Reference"/><xpath value="f:Group/f:characteristic/f:valueReference"/><xpathUsage value="normal"/></SearchParameter>