<?xml version="1.0" encoding="UTF-8"?><SearchParameter xmlns="http://hl7.org/fhir"><id value="argonaut-group-value-reference"/><url value="http://www.fhir.org/guides/argonaut/patient-list/SearchParameter/argonaut-group-value-reference"/><version value="0.1.0"/><name value="GroupValueReference"/><status value="draft"/><experimental value="false"/><date value="2020-09-02"/><publisher value="Argonaut Project"/><contact><telecom><system value="url"/><value value="https://confluence.hl7.org/display/AP/Argonaut+Project+Home"/></telecom></contact><description value="This custom SearchParameter defines searching the [Group](http://hl7.org/fhir/group.html) resource by a `Group.characteristic.valueReference` element value. It is used in combination with the standard`characteristic`  search parameter to query for Groups by characteristics that use valueReference values."/><code value="value-reference"/><base value="Group"/><type value="reference"/><expression value="Group.characteristic.value as Reference"/><xpath value="f:Group/f:characteristic/f:valueReference"/><xpathUsage value="normal"/><multipleOr value="true"><extension url="http://hl7.org/fhir/StructureDefinition/capabilitystatement-expectation"><valueString value="SHOULD"/></extension></multipleOr><multipleAnd value="true"><extension url="http://hl7.org/fhir/StructureDefinition/capabilitystatement-expectation"><valueString value="SHOULD"/></extension></multipleAnd></SearchParameter>