[
  {
    "id": "Server",
    "type": "CapabilityStatement",
    "url": "http://www.fhir.org/guides/argonaut/patient-list/CapabilityStatement/Server",
    "version": "0.1.0",
    "name": "ServerCapabilityStatement"
  },
  {
    "id": "client",
    "type": "CapabilityStatement",
    "url": "http://www.fhir.org/guides/argonaut/patient-list/CapabilityStatement/client",
    "version": "0.1.0",
    "name": "ClientCapabilityStatement"
  },
  {
    "id": "argo-group-characteristic",
    "type": "CodeSystem",
    "url": "http://www.fhir.org/guides/argonaut/patient-list/CodeSystem/argo-group-characteristic",
    "version": "0.1.0",
    "name": "ArgonautGroupCharacteristicCodeSystem"
  },
  {
    "id": "ig",
    "type": "ImplementationGuide",
    "url": "http://www.fhir.org/guides/argonaut/patient-list/ImplementationGuide/ig",
    "version": "0.1.0",
    "name": "ArgonautPatientList"
  },
  {
    "id": "argonaut-group-value-reference",
    "type": "SearchParameter",
    "url": "http://www.fhir.org/guides/argonaut/patient-list/SearchParameter/argonaut-group-value-reference",
    "version": "0.1.0",
    "name": "GroupValueReference"
  },
  {
    "id": "patientlist",
    "type": "StructureDefinition",
    "url": "http://www.fhir.org/guides/argonaut/patient-list/StructureDefinition/patientlist",
    "version": "0.1.0",
    "name": "ArgonautPatientListProfile"
  },
  {
    "id": "patientlist-appointment",
    "type": "StructureDefinition",
    "url": "http://www.fhir.org/guides/argonaut/patient-list/StructureDefinition/patientlist-appointment",
    "version": "0.1.0",
    "name": "PatientListAppointment"
  },
  {
    "id": "patientlist-encounter",
    "type": "StructureDefinition",
    "url": "http://www.fhir.org/guides/argonaut/patient-list/StructureDefinition/patientlist-encounter",
    "version": "0.1.0",
    "name": "PatientListEncounter"
  },
  {
    "id": "patientlist-questionnaire",
    "type": "StructureDefinition",
    "url": "http://www.fhir.org/guides/argonaut/patient-list/StructureDefinition/patientlist-questionnaire",
    "version": "0.1.0",
    "name": "PatientListQuestionnaire"
  },
  {
    "id": "patientlist-questionnaireresponse",
    "type": "StructureDefinition",
    "url": "http://www.fhir.org/guides/argonaut/patient-list/StructureDefinition/patientlist-questionnaireresponse",
    "version": "0.1.0",
    "name": "PatientListQuestionnaireResponse"
  },
  {
    "id": "argo-group-characteristic",
    "type": "ValueSet",
    "url": "http://www.fhir.org/guides/argonaut/patient-list/ValueSet/argo-group-characteristic",
    "version": "0.1.0",
    "name": "ArgonautGroupCharacteristicValueSet"
  }
]