{
  "resourceType" : "Bundle",
  "id" : "e38149c9-9b1a-4b4d-bb71-9f564a434570",
  "meta" : {
    "lastUpdated" : "2020-12-11T18:22:01.673-08:00"
  },
  "type" : "collection",
  "entry" : [{
    "fullUrl" : "http://www.fhir.org/guides/argonaut/patient-list/ValueSet/argo-group-characteristic",
    "resource" : {
      "resourceType" : "ValueSet",
      "id" : "argo-group-characteristic",
      "text" : {
        "status" : "generated",
        "div" : "<div xmlns=\"http://www.w3.org/1999/xhtml\"><p>This value set contains 4 concepts</p><p style=\"border: black 1px dotted; background-color: #EEEEEE; padding: 8px; margin-bottom: 8px\">Expansion based on <a href=\"CodeSystem-argo-group-characteristic.html\">Argonaut Group Characteristic Code System v0.1.0 (CodeSystem)</a></p><p>All codes from system <a href=\"CodeSystem-argo-group-characteristic.html\"><code>http://www.fhir.org/guides/argonaut/patient-list/CodeSystem/argo-group-characteristic</code></a></p><table class=\"codes\"><tr><td style=\"white-space:nowrap\"><b>Code</b></td><td><b>Display</b></td><td><b>Definition</b></td></tr><tr><td style=\"white-space:nowrap\"><a name=\"http---www.fhir.org-guides-argonaut-patient-list-CodeSystem-argo-group-characteristic-location\"> </a><a href=\"CodeSystem-argo-group-characteristic.html#argo-group-characteristic-location\">location</a></td><td>Location</td><td>Members (Patients) whose care is at the location specified by the value which references the Location resource representing the physical structures managed/operated by an organization (e.g., a ward, building, clinic, etc)</td></tr><tr><td style=\"white-space:nowrap\"><a name=\"http---www.fhir.org-guides-argonaut-patient-list-CodeSystem-argo-group-characteristic-team\"> </a><a href=\"CodeSystem-argo-group-characteristic.html#argo-group-characteristic-team\">team</a></td><td>CareTeam</td><td>Members (Patients) who are under the care of the care-team specified by the value which references the CareTeam resource representing the care-team. (e.g., Respiratory Therapy CareTeam, CareTeam blue , etc)</td></tr><tr><td style=\"white-space:nowrap\"><a name=\"http---www.fhir.org-guides-argonaut-patient-list-CodeSystem-argo-group-characteristic-organization\"> </a><a href=\"CodeSystem-argo-group-characteristic.html#argo-group-characteristic-organization\">organization</a></td><td>Organization</td><td>Members (Patients) whose care is at the organization specified by the value which references the Organization resource representing the organization. (e.g., Burgess Medical Group)</td></tr><tr><td style=\"white-space:nowrap\"><a name=\"http---www.fhir.org-guides-argonaut-patient-list-CodeSystem-argo-group-characteristic-practitioner\"> </a><a href=\"CodeSystem-argo-group-characteristic.html#argo-group-characteristic-practitioner\">practitioner</a></td><td>Practitioner</td><td>Members (Patients) who are under the care of the practitioner specified by the value which references the Practitioner resource representing the practitioner. (e.g., Dr Leung)</td></tr></table></div>"
      },
      "url" : "http://www.fhir.org/guides/argonaut/patient-list/ValueSet/argo-group-characteristic",
      "version" : "0.1.0",
      "name" : "ArgonautGroupCharacteristicValueSet",
      "title" : "Argonaut Group Characteristic Value Set",
      "status" : "active",
      "date" : "2020-12-11T18:22:01-08:00",
      "publisher" : "Argonaut Project",
      "contact" : [{
        "telecom" : [{
          "system" : "url",
          "value" : "https://confluence.hl7.org/display/AP/Argonaut+Project+Home"
        }]
      }],
      "description" : "Initial set of group characteristic concepts for defining and searching for patient lists.",
      "expansion" : {
        "identifier" : "urn:uuid:4db7acc2-732f-4600-a0c0-c97c398c2b2c",
        "timestamp" : "2020-12-11T18:22:44-08:00",
        "total" : 4,
        "parameter" : [{
          "name" : "excludeNested",
          "valueBoolean" : false
        },
        {
          "name" : "version",
          "valueUri" : "http://www.fhir.org/guides/argonaut/patient-list/CodeSystem/argo-group-characteristic|0.1.0"
        }],
        "contains" : [{
          "system" : "http://www.fhir.org/guides/argonaut/patient-list/CodeSystem/argo-group-characteristic",
          "code" : "location",
          "display" : "Location"
        },
        {
          "system" : "http://www.fhir.org/guides/argonaut/patient-list/CodeSystem/argo-group-characteristic",
          "code" : "team",
          "display" : "CareTeam"
        },
        {
          "system" : "http://www.fhir.org/guides/argonaut/patient-list/CodeSystem/argo-group-characteristic",
          "code" : "organization",
          "display" : "Organization"
        },
        {
          "system" : "http://www.fhir.org/guides/argonaut/patient-list/CodeSystem/argo-group-characteristic",
          "code" : "practitioner",
          "display" : "Practitioner"
        }]
      }
    }
  }]
}