{
  "resourceType": "SearchParameter",
  "id": "argonaut-group-value-reference",
  "text": {
    "status": "generated",
    "div": "<div xmlns=\"http://www.w3.org/1999/xhtml\"><p><b>Generated Narrative</b></p><p><b>url</b>: <code>http://www.fhir.org/guides/argonaut/patient-list/SearchParameter/argonaut-group-value-reference</code></p><p><b>version</b>: 0.1.0</p><p><b>name</b>: GroupValueReference</p><p><b>status</b>: draft</p><p><b>experimental</b>: false</p><p><b>date</b>: 2020-09-02</p><p><b>publisher</b>: Argonaut Project</p><p><b>contact</b>: <a href=\"https://confluence.hl7.org/display/AP/Argonaut+Project+Home\">https://confluence.hl7.org/display/AP/Argonaut+Project+Home</a></p><p><b>description</b>: This custom SearchParameter defines searching the [Group](http://hl7.org/fhir/group.html) resource by a `Group.characteristic.valueReference` element value. It is used in combination with the standard`characteristic`  search parameter to query for Groups by characteristics that use valueReference values.</p><p><b>code</b>: value-reference</p><p><b>base</b>: Group</p><p><b>type</b>: reference</p><p><b>expression</b>: Group.characteristic.value as Reference</p><p><b>xpath</b>: f:Group/f:characteristic/f:valueReference</p><p><b>xpathUsage</b>: normal</p><p><b>multipleOr</b>: true</p><p><b>multipleAnd</b>: true</p></div>"
  },
  "url": "http://www.fhir.org/guides/argonaut/patient-list/SearchParameter/argonaut-group-value-reference",
  "version": "0.1.0",
  "name": "GroupValueReference",
  "status": "draft",
  "experimental": false,
  "date": "2020-09-02",
  "publisher": "Argonaut Project",
  "contact": [
    {
      "telecom": [
        {
          "system": "url",
          "value": "https://confluence.hl7.org/display/AP/Argonaut+Project+Home"
        }
      ]
    }
  ],
  "description": "This custom SearchParameter defines searching the [Group](http://hl7.org/fhir/group.html) resource by a `Group.characteristic.valueReference` element value. It is used in combination with the standard`characteristic`  search parameter to query for Groups by characteristics that use valueReference values.",
  "code": "value-reference",
  "base": [
    "Group"
  ],
  "type": "reference",
  "expression": "Group.characteristic.value as Reference",
  "xpath": "f:Group/f:characteristic/f:valueReference",
  "xpathUsage": "normal",
  "multipleOr": true,
  "_multipleOr": {
    "extension": [
      {
        "url": "http://hl7.org/fhir/StructureDefinition/capabilitystatement-expectation",
        "valueString": "SHOULD"
      }
    ]
  },
  "multipleAnd": true,
  "_multipleAnd": {
    "extension": [
      {
        "url": "http://hl7.org/fhir/StructureDefinition/capabilitystatement-expectation",
        "valueString": "SHOULD"
      }
    ]
  }
}