<?xml version="1.0" encoding="UTF-8"?>

<ValueSet xmlns="http://hl7.org/fhir">
  <id value="argo-group-characteristic"/>
  <text>
    <status value="generated"/><div xmlns="http://www.w3.org/1999/xhtml"><ul><li>Include all codes defined in <a href="CodeSystem-argo-group-characteristic.html"><code>http://www.fhir.org/guides/argonaut/patient-list/CodeSystem/argo-group-characteristic</code></a></li></ul></div>
  </text>
  <url value="http://www.fhir.org/guides/argonaut/patient-list/ValueSet/argo-group-characteristic"/>
  <version value="0.1.0"/>
  <name value="ArgonautGroupCharacteristicValueSet"/>
  <title value="Argonaut Group Characteristic Value Set"/>
  <status value="active"/>
  <date value="2020-12-21T12:36:21-08:00"/>
  <publisher value="Argonaut Project"/>
  <contact>
    <telecom>
      <system value="url"/>
      <value value="https://confluence.hl7.org/display/AP/Argonaut+Project+Home"/>
    </telecom>
  </contact>
  <description value="Initial set of group characteristic concepts for defining and searching for patient lists."/>
  <compose>
    <include>
      <system value="http://www.fhir.org/guides/argonaut/patient-list/CodeSystem/argo-group-characteristic"/>
    </include>
  </compose>
</ValueSet>