{
  "resourceType": "CapabilityStatement",
  "id": "client",
  "text": {
    "status": "generated",
    "div": "<div xmlns=\"http://www.w3.org/1999/xhtml\"> <h2 id=\"title\">Client CapabilityStatement</h2> <ul> <li>Implementation Guide Version: 0.2.0</li> <li>FHIR Version: 4.0.1</li> <li>Supported formats: xml, json</li> <li>Published: 2021-01-27</li> <li>Published by: Argonaut Project</li> </ul> <p>This CapabilityStatement outlines the conformance requirements and expectations for the Argonaut User Facing Patient List <strong>Client applications</strong>. It identifies the specific profiles and RESTful transactions for requesting user facing patient list data from an EHR using the Argonaut User Facing Patient List API. This includes the following interactions:</p> <ol> <li>Discovery of User Facing Patient Lists</li> <li>Fetching User Facing Patient Lists</li> <li>Fetching Additional Data about each Patient in a User Facing Patient Lists</li> </ol> <p>This is a <a href=\"http://hl7.org/fhir/capabilitystatement.html#requirements\">Requirements CapabilityStatement</a> describing what capabilities are potentially relevant. It can be used as a template for creating an <a href=\"http://hl7.org/fhir/capabilitystatement.html#instance\">Instance CapabilityStatement</a> by removing expectation extensions and making actual assertions associated with each capability to describe the capabilities of a deployed and configured implementation.</p> <h3 id=\"igs\" class=\"no_toc\">SHOULD Support the Following Implementation Guides:</h3> <ul> <li><a href=\"http://hl7.org/fhir/us/core/index.html\">HL7 FHIR® US Core Implementation Guide STU3 Release 3.1.1</a></li> </ul> <h3 id=\"behavior\">FHIR RESTful Capabilities</h3> <p>The Client <strong>SHALL</strong>:</p> <ol> <li>Support Fetching User-Facing Lists:</li> <li>Support json source formats for all transactions.</li> </ol> <p>The Client <strong>SHOULD</strong>:</p> <ol> <li>Support Discovery of User Facing Patient Lists:</li> <li>Support Fetching Additional Data about each Patient in a User Facing Patient Lists <ul> <li>Support multipleOr values for the <code>patient</code> search parameter</li> </ul> </li> <li>Declare a CapabilityStatement identifying the transactions and profiles supported.</li> <li>Support xml source formats for all transactions</li> </ol> <p id=\"security\"><strong>Security:</strong></p> <ol> <li>See the <a href=\"http://hl7.org/fhir/us/core/security.html\">US Core General Security Considerations</a> section for requirements and recommendations.</li> </ol> <p><strong>Summary of System Wide Interactions</strong></p> <ul> <li><strong>MAY</strong> support the <code>transaction</code> interaction.</li> <li><strong>MAY</strong> support the <code>batch</code> interaction.</li> <li><strong>MAY</strong> support the <code>search-system</code> interaction.</li> <li><strong>MAY</strong> support the <code>history-system</code> interaction.</li> </ul> <h3 id=\"resource--details\" class=\"no_toc\">RESTful Capabilities by Resource/Profile:</h3> <p><strong>Summary of Search Criteria</strong></p> <table class=\"grid\"> <thead> <tr> <th>Resource Type</th> <th>Supported Profiles</th> <th>Supported Searches</th> <th>Supported <code>_includes</code></th> <th>Supported <code>_revincludes</code></th> <th>Supported Operations</th> </tr> </thead> <tbody> <tr> <td> <a href=\"#appointment\">Appointment</a> </td> <td> </td> <td> _id </td> <td> </td> <td> </td> <td> </td> </tr> <tr> <td> <a href=\"#encounter\">Encounter</a> </td> <td> <a href=\"http://hl7.org/fhir/us/core/StructureDefinition/us-core-encounter\">US Core Encounter Profile</a> </td> <td> _id </td> <td> </td> <td> </td> <td> </td> </tr> <tr> <td> <a href=\"#group\">Group</a> </td> <td> <a href=\"StructureDefinition-patientlist.html\">Argonaut User Facing Patient List (Group) Profile</a> </td> <td> type, _summary, managing-entity, characteristic, value-reference, _include, _id characteristic+value-reference </td> <td> Group:member </td> <td> </td> <td> </td> </tr> <tr> <td> <a href=\"#questionnaire\">Questionnaire</a> </td> <td> <a href=\"http://hl7.org/fhir/uv/sdc/StructureDefinition/sdc-questionnaire\">SDC Base Questionnaire</a> </td> <td> _id </td> <td> </td> <td> </td> <td> </td> </tr> <tr> <td> <a href=\"#questionnaireresponse\">QuestionnaireResponse</a> </td> <td> <a href=\"http://hl7.org/fhir/uv/sdc/StructureDefinition/sdc-questionnaireresponse\">SDC Questionnaire Response</a> </td> <td> _id </td> <td> </td> <td> </td> <td> </td> </tr> </tbody> </table> <h4 id=\"appointment\" class=\"no_toc\">Appointment</h4> <p>Conformance Expectation: <strong>SHOULD</strong></p> <p>Resource Specific Documentation:</p> <blockquote><p>For getting additional data about Group members, the Argonaut Patient List (Group) Profile support an extension on the <code>Group.member</code> element for directly accessing one or more Appointment resources for each patient on the patient list. The Server <strong>MAY</strong> supply one or both of these extensions so that the Client can efficiently fetch the Appointment resource.</p> </blockquote> <p>Profile Interaction Summary:</p> <ul> <li><strong>SHOULD</strong> support <code>search-type</code>, <code>read</code>.</li><li><strong>MAY</strong> support <code>create</code>, <code>vread</code>, <code>update</code>, <code>patch</code>, <code>delete</code>, <code>history-instance</code>, <code>history-type</code>.</li> </ul> <p>Fetch and Search Criteria:</p> <ul> <li> A Client <strong>SHOULD</strong> be capable of fetching a Appointment resource using: <code class=\"highlighter-rouge\">GET [base]/Appointment/[id]</code> </li> </ul> <p>Search Parameter Summary:</p> <table class=\"grid\"> <thead> <tr> <th>Conformance</th> <th>Parameter</th> <th>Type</th> <th>Documentation</th> </tr> </thead> <tbody><tr> <td> <strong>SHOULD</strong> </td> <td> <a href=\"http://hl7.org/fhir/R4/search.html\">_id</a> </td> <td> token </td> <td align=\"left\"> <p>for fetching of additional appointment data about group members. The Client <strong>MAY</strong> use with comma-separated values.</p> </td> </tr> </tbody> </table> <hr/> <h4 id=\"encounter\" class=\"no_toc\">Encounter</h4> <p>Conformance Expectation: <strong>SHOULD</strong></p> <p>Supported Profiles: <a href=\"http://hl7.org/fhir/us/core/StructureDefinition/us-core-encounter\">US Core Encounter Profile</a> </p> <p>Resource Specific Documentation:</p> <blockquote><p>For getting additional data about Group members, the Argonaut Patient List (Group) Profile supports an extension on the <code>Group.member</code> element for directly accessing one or more Encounter resources for each patient on the patient list. The Server <strong>MAY</strong> supply one or both of these extensions so that the Client can efficiently fetch the Encounter resource.</p> </blockquote> <p>Profile Interaction Summary:</p> <ul> <li><strong>SHOULD</strong> support <code>search-type</code>, <code>read</code>.</li><li><strong>MAY</strong> support <code>create</code>, <code>vread</code>, <code>update</code>, <code>patch</code>, <code>delete</code>, <code>history-instance</code>, <code>history-type</code>.</li> </ul> <p>Fetch and Search Criteria:</p> <ul> <li> A Client <strong>SHOULD</strong> be capable of fetching a Encounter resource using: <code class=\"highlighter-rouge\">GET [base]/Encounter/[id]</code> </li> </ul> <p>Search Parameter Summary:</p> <table class=\"grid\"> <thead> <tr> <th>Conformance</th> <th>Parameter</th> <th>Type</th> <th>Documentation</th> </tr> </thead> <tbody><tr> <td> <strong>SHOULD</strong> </td> <td> <a href=\"http://hl7.org/fhir/R4/search.html\">_id</a> </td> <td> token </td> <td align=\"left\"> <p>for fetching of additional encounter data about group members. The Client <strong>MAY</strong> use with comma-separated values.</p> </td> </tr> </tbody> </table> <hr/> <h4 id=\"group\" class=\"no_toc\">Group</h4> <p>Conformance Expectation: <strong>SHALL</strong></p> <p>Supported Profiles: <a href=\"StructureDefinition-patientlist.html\">Argonaut User Facing Patient List (Group) Profile</a> </p> <p>Resource Specific Documentation:</p> <blockquote><p>Required resource type for discovery and fetching of user facing lists.</p> </blockquote> <p>Profile Interaction Summary:</p> <ul> <li><strong>SHALL</strong> support <code>read</code>.</li><li><strong>SHOULD</strong> support <code>search-type</code><sup>†</sup>, <code>vread</code>.</li><li><strong>MAY</strong> support <code>create</code>, <code>update</code>, <code>patch</code>, <code>delete</code>, <code>history-instance</code>, <code>history-type</code>.</li> </ul> <blockquote>search-type<sup>†</sup><ol> <li> <p>Clients <strong>SHALL</strong> use the following required search parameters and parameter values for discovery of user-facing lists:</p> <ul> <li>_summary=“true”</li> <li>type=“person”.</li> </ul> </li> <li> <p>Clients <strong>MAY</strong> discover all available patient lists that are managed by a particular organization or practitioner' using the required parameters and the <code>managing-entity</code> search parameter.</p> </li> <li> <p>Clients <strong>MAY</strong> discover all available patient lists that have a particular characteristic using the required parameters and the combination of <code>characteristic</code> and <code>value-reference</code> search parameters</p> </li> </ol> </blockquote> <p>Fetch and Search Criteria:</p> <ul> <li> A Client <strong>SHALL</strong> be capable of fetching a Group resource using: <code class=\"highlighter-rouge\">GET [base]/Group/[id]</code> </li> <li> A Client <strong>SHOULD</strong> be capable of supporting the following _includes: Group:member - <code class=\"highlighter-rouge\">GET [base]/Group?[parameter=value]&amp;_include=Group:member</code> </li> </ul> <p>Search Parameter Summary:</p> <table class=\"grid\"> <thead> <tr> <th>Conformance</th> <th>Parameter</th> <th>Type</th> <th>Documentation</th> </tr> </thead> <tbody><tr> <td> <strong>SHOULD</strong> </td> <td> <a href=\"http://hl7.org/fhir/R4/search.html\">type</a> </td> <td> token </td> <td align=\"left\"> <p>required search parameters and parameter value <code> type=person</code> for discovery of user-facing lists:</p> </td> </tr><tr> <td> <strong>SHOULD</strong> </td> <td> <a href=\"http://hl7.org/fhir/R4/search.html\">_summary</a> </td> <td> token </td> <td align=\"left\"> <p>required search parameters and parameter value <code> type=person</code> for discovery of user-facing lists:</p> </td> </tr><tr> <td> <strong>SHOULD</strong> </td> <td> <a href=\"http://hl7.org/fhir/R4/search.html\">managing-entity</a> </td> <td> token </td> <td align=\"left\"> <p>for discovery of user-facing lists managed by a particular organization or practitioner</p> </td> </tr><tr> <td> <strong>SHOULD</strong> </td> <td> <a href=\"http://hl7.org/fhir/R4/search.html\">characteristic</a> </td> <td> token </td> <td align=\"left\"> <p>for discovery of user-facing lists by a characteristic used in combination with <code>value-reference</code></p> </td> </tr><tr> <td> <strong>SHOULD</strong> </td> <td> <a href=\"http://hl7.org/fhir/R4/search.html\">value-reference</a> </td> <td> token </td> <td align=\"left\"> <p>for discovery of user-facing lists by a characteristic used in combination with <code>characteristic</code></p> </td> </tr><tr> <td> <strong>SHOULD</strong> </td> <td> <a href=\"http://hl7.org/fhir/R4/search.html\">_include</a> </td> <td> token </td> <td align=\"left\"> <p>the <code>_include</code> parameter can be used when fetching a Group resource to include all the Patient resources in addition to Group</p> </td> </tr><tr> <td> <strong>SHOULD</strong> </td> <td> <a href=\"http://hl7.org/fhir/R4/search.html\">_id</a> </td> <td> token </td> <td align=\"left\"> <p>for fetching of user facing lists</p> </td> </tr> </tbody> </table> <p>Search Parameter Combination Summary:</p> <table class=\"grid\"> <thead> <tr> <th>Conformance</th> <th>Parameter Combination</th> <th>Types</th> </tr> </thead> <tbody> <tr> <td><strong>MAY</strong> </td> <td>characteristic+value-reference </td> <td>token+token </td> </tr> </tbody> </table> <hr/> <h4 id=\"questionnaire\" class=\"no_toc\">Questionnaire</h4> <p>Conformance Expectation: <strong>SHOULD</strong></p> <p>Supported Profiles: <a href=\"http://hl7.org/fhir/uv/sdc/StructureDefinition/sdc-questionnaire\">SDC Base Questionnaire</a> </p> <p>Resource Specific Documentation:</p> <blockquote><p>For getting additional data about Group members, the Argonaut Patient List (Group) Profile supports 2 extension for directly accessing the Group level Questionnaire and the resultant pre-filled QuestionnaireResponse form for each patient on the patient list: The Server <strong>MAY</strong> supply these extensions so that the Client can fetch the form definitions in the Questionnaire resource and the form data in the QuestionnaireResponse resource.</p> </blockquote> <p>Profile Interaction Summary:</p> <ul> <li><strong>SHOULD</strong> support <code>search-type</code>, <code>read</code>.</li><li><strong>MAY</strong> support <code>create</code>, <code>vread</code>, <code>update</code>, <code>patch</code>, <code>delete</code>, <code>history-instance</code>, <code>history-type</code>.</li> </ul> <p>Fetch and Search Criteria:</p> <ul> <li> A Client <strong>SHOULD</strong> be capable of fetching a Questionnaire resource using: <code class=\"highlighter-rouge\">GET [base]/Questionnaire/[id]</code> </li> </ul> <p>Search Parameter Summary:</p> <table class=\"grid\"> <thead> <tr> <th>Conformance</th> <th>Parameter</th> <th>Type</th> <th>Documentation</th> </tr> </thead> <tbody><tr> <td> <strong>SHOULD</strong> </td> <td> <a href=\"http://hl7.org/fhir/R4/search.html\">_id</a> </td> <td> token </td> <td align=\"left\"> <p>for fetching the definitions of associated data about group members represented in the Questionnaire resource. The Client <strong>MAY</strong> use with comma-separated values.</p> </td> </tr> </tbody> </table> <hr/> <h4 id=\"questionnaireresponse\" class=\"no_toc\">QuestionnaireResponse</h4> <p>Conformance Expectation: <strong>SHOULD</strong></p> <p>Supported Profiles: <a href=\"http://hl7.org/fhir/uv/sdc/StructureDefinition/sdc-questionnaireresponse\">SDC Questionnaire Response</a> </p> <p>Resource Specific Documentation:</p> <blockquote><p>For getting additional data about Group members, the Argonaut Patient List (Group) Profile supports 2 extension for directly accessing the Group level Questionnaire and the resultant pre-filled QuestionnaireResponse form for each patient on the patient list: The Server <strong>MAY</strong> supply these extensions so that the Client can fetch the form definitions in the Questionnaire resource and the form data in the QuestionnaireResponse resource.</p> </blockquote> <p>Profile Interaction Summary:</p> <ul> <li><strong>SHOULD</strong> support <code>search-type</code>, <code>read</code>.</li><li><strong>MAY</strong> support <code>create</code>, <code>vread</code>, <code>update</code>, <code>patch</code>, <code>delete</code>, <code>history-instance</code>, <code>history-type</code>.</li> </ul> <p>Fetch and Search Criteria:</p> <ul> <li> A Client <strong>SHOULD</strong> be capable of fetching a QuestionnaireResponse resource using: <code class=\"highlighter-rouge\">GET [base]/QuestionnaireResponse/[id]</code> </li> </ul> <p>Search Parameter Summary:</p> <table class=\"grid\"> <thead> <tr> <th>Conformance</th> <th>Parameter</th> <th>Type</th> <th>Documentation</th> </tr> </thead> <tbody><tr> <td> <strong>SHOULD</strong> </td> <td> <a href=\"http://hl7.org/fhir/R4/search.html\">_id</a> </td> <td> token </td> <td align=\"left\"> <p>for fetching associated data about group members represented in the QuestionnaireResponse resource. The Client <strong>MAY</strong> use with comma-separated values.</p> </td> </tr> </tbody> </table> <hr/> </div>"
  },
  "url": " http://www.fhir.org/guides/argonaut/patient-list/CapabilityStatement/client",
  "version": "0.1.0",
  "name": "ClientCapabilityStatement",
  "title": "Client CapabilityStatement",
  "status": "active",
  "experimental": false,
  "date": "2021-01-27",
  "publisher": "Argonaut Project",
  "contact": [
    {
      "telecom": [
        {
          "system": "url",
          "value": "https://confluence.hl7.org/display/AP/Argonaut+Project+Home"
        }
      ]
    }
  ],
  "description": "This CapabilityStatement outlines the conformance requirements and expectations for the Argonaut User Facing Patient List **Client applications**.  It identifies the specific profiles and RESTful transactions for  requesting user facing patient list data from an EHR using the Argonaut User Facing Patient List API.  This includes the following interactions:\n\n1. Discovery of User Facing Patient Lists\n2. Fetching User Facing Patient Lists\n3. Fetching Additional Data about each Patient in a User Facing Patient Lists\n\nThis is a [Requirements CapabilityStatement](http://hl7.org/fhir/capabilitystatement.html#requirements) describing what capabilities are potentially relevant.  It can be used as a template for creating an [Instance CapabilityStatement](http://hl7.org/fhir/capabilitystatement.html#instance) by removing expectation extensions and making actual assertions associated with each capability to describe the capabilities of a deployed and configured implementation.\n",
  "jurisdiction": [
    {
      "coding": [
        {
          "system": "urn:iso:std:iso:3166",
          "code": "US"
        }
      ]
    }
  ],
  "kind": "requirements",
  "fhirVersion": "4.0.1",
  "format": [
    "xml",
    "json"
  ],
  "patchFormat": [
    "application/json-patch+json"
  ],
  "implementationGuide": [
    "http://www.fhir.org/guides/argonaut/patient-list/ImplementationGuide/ig",
    "http://hl7.org/fhir/us/core/ImplementationGuide/hl7.fhir.us.core|3.1.1"
  ],
  "rest": [
    {
      "mode": "client",
      "documentation": "The Client **SHALL**:\n\n1. Support Fetching User-Facing Lists:\n1. Support json source formats for all transactions.\n\nThe Client **SHOULD**:\n\n1. Support Discovery of User Facing Patient Lists:\n1. Support Fetching Additional Data about each Patient in a User Facing Patient Lists\n     - Support multipleOr values for the `patient` search parameter\n1. Declare a CapabilityStatement identifying the transactions and profiles supported.\n1. Support xml source formats for all transactions\n",
      "security": {
        "description": "1. See the [US Core General Security Considerations](http://hl7.org/fhir/us/core/security.html) section for requirements and recommendations."
      },
      "resource": [
        {
          "extension": [
            {
              "url": "http://hl7.org/fhir/StructureDefinition/capabilitystatement-expectation",
              "valueCode": "SHOULD"
            }
          ],
          "type": "Appointment",
          "documentation": "For getting additional data about Group members, the Argonaut Patient List (Group) Profile support an extension on the `Group.member` element for directly accessing one or more Appointment  resources for each patient on the patient list. The Server **MAY** supply one or both of these extensions so that the Client can efficiently fetch the Appointment  resource.",
          "interaction": [
            {
              "extension": [
                {
                  "url": "http://hl7.org/fhir/StructureDefinition/capabilitystatement-expectation",
                  "valueCode": "MAY"
                }
              ],
              "code": "create"
            },
            {
              "extension": [
                {
                  "url": "http://hl7.org/fhir/StructureDefinition/capabilitystatement-expectation",
                  "valueCode": "SHOULD"
                }
              ],
              "code": "search-type"
            },
            {
              "extension": [
                {
                  "url": "http://hl7.org/fhir/StructureDefinition/capabilitystatement-expectation",
                  "valueCode": "SHOULD"
                }
              ],
              "code": "read"
            },
            {
              "extension": [
                {
                  "url": "http://hl7.org/fhir/StructureDefinition/capabilitystatement-expectation",
                  "valueCode": "MAY"
                }
              ],
              "code": "vread"
            },
            {
              "extension": [
                {
                  "url": "http://hl7.org/fhir/StructureDefinition/capabilitystatement-expectation",
                  "valueCode": "MAY"
                }
              ],
              "code": "update"
            },
            {
              "extension": [
                {
                  "url": "http://hl7.org/fhir/StructureDefinition/capabilitystatement-expectation",
                  "valueCode": "MAY"
                }
              ],
              "code": "patch"
            },
            {
              "extension": [
                {
                  "url": "http://hl7.org/fhir/StructureDefinition/capabilitystatement-expectation",
                  "valueCode": "MAY"
                }
              ],
              "code": "delete"
            },
            {
              "extension": [
                {
                  "url": "http://hl7.org/fhir/StructureDefinition/capabilitystatement-expectation",
                  "valueCode": "MAY"
                }
              ],
              "code": "history-instance"
            },
            {
              "extension": [
                {
                  "url": "http://hl7.org/fhir/StructureDefinition/capabilitystatement-expectation",
                  "valueCode": "MAY"
                }
              ],
              "code": "history-type"
            }
          ],
          "searchParam": [
            {
              "extension": [
                {
                  "url": "http://hl7.org/fhir/StructureDefinition/capabilitystatement-expectation",
                  "valueCode": "SHOULD"
                }
              ],
              "name": "_id",
              "definition": "http://hl7.org/fhir/SearchParameter/Appointment-id",
              "type": "token",
              "documentation": " for fetching of additional appointment data about group members.  The Client **MAY** use with comma-separated values."
            }
          ]
        },
        {
          "extension": [
            {
              "url": "http://hl7.org/fhir/StructureDefinition/capabilitystatement-expectation",
              "valueCode": "SHOULD"
            }
          ],
          "type": "Encounter",
          "supportedProfile": [
            "http://hl7.org/fhir/us/core/StructureDefinition/us-core-encounter"
          ],
          "documentation": "For getting additional data about Group members, the Argonaut Patient List (Group) Profile supports an  extension on the `Group.member` element for directly accessing one or more  Encounter resources for each patient on the patient list. The Server **MAY** supply one or both of these extensions so that the Client can efficiently fetch the  Encounter resource.",
          "interaction": [
            {
              "extension": [
                {
                  "url": "http://hl7.org/fhir/StructureDefinition/capabilitystatement-expectation",
                  "valueCode": "MAY"
                }
              ],
              "code": "create"
            },
            {
              "extension": [
                {
                  "url": "http://hl7.org/fhir/StructureDefinition/capabilitystatement-expectation",
                  "valueCode": "SHOULD"
                }
              ],
              "code": "search-type"
            },
            {
              "extension": [
                {
                  "url": "http://hl7.org/fhir/StructureDefinition/capabilitystatement-expectation",
                  "valueCode": "SHOULD"
                }
              ],
              "code": "read"
            },
            {
              "extension": [
                {
                  "url": "http://hl7.org/fhir/StructureDefinition/capabilitystatement-expectation",
                  "valueCode": "MAY"
                }
              ],
              "code": "vread"
            },
            {
              "extension": [
                {
                  "url": "http://hl7.org/fhir/StructureDefinition/capabilitystatement-expectation",
                  "valueCode": "MAY"
                }
              ],
              "code": "update"
            },
            {
              "extension": [
                {
                  "url": "http://hl7.org/fhir/StructureDefinition/capabilitystatement-expectation",
                  "valueCode": "MAY"
                }
              ],
              "code": "patch"
            },
            {
              "extension": [
                {
                  "url": "http://hl7.org/fhir/StructureDefinition/capabilitystatement-expectation",
                  "valueCode": "MAY"
                }
              ],
              "code": "delete"
            },
            {
              "extension": [
                {
                  "url": "http://hl7.org/fhir/StructureDefinition/capabilitystatement-expectation",
                  "valueCode": "MAY"
                }
              ],
              "code": "history-instance"
            },
            {
              "extension": [
                {
                  "url": "http://hl7.org/fhir/StructureDefinition/capabilitystatement-expectation",
                  "valueCode": "MAY"
                }
              ],
              "code": "history-type"
            }
          ],
          "searchParam": [
            {
              "extension": [
                {
                  "url": "http://hl7.org/fhir/StructureDefinition/capabilitystatement-expectation",
                  "valueCode": "SHOULD"
                }
              ],
              "name": "_id",
              "definition": "http://hl7.org/fhir/SearchParameter/Encounter-id",
              "type": "token",
              "documentation": " for fetching of additional encounter data about group members. The Client **MAY** use with comma-separated values."
            }
          ]
        },
        {
          "extension": [
            {
              "url": "http://hl7.org/fhir/StructureDefinition/capabilitystatement-expectation",
              "valueCode": "SHALL"
            },
            {
              "extension": [
                {
                  "url": "http://hl7.org/fhir/StructureDefinition/capabilitystatement-expectation",
                  "valueCode": "MAY"
                },
                {
                  "url": "required",
                  "valueString": "characteristic"
                },
                {
                  "url": "required",
                  "valueString": "value-reference"
                }
              ],
              "url": "http://hl7.org/fhir/StructureDefinition/capabilitystatement-search-parameter-combination"
            }
          ],
          "type": "Group",
          "supportedProfile": [
            "http://www.fhir.org/guides/argonaut/patient-list/StructureDefinition/patientlist"
          ],
          "documentation": "Required resource type for discovery and fetching of user facing lists.",
          "interaction": [
            {
              "extension": [
                {
                  "url": "http://hl7.org/fhir/StructureDefinition/capabilitystatement-expectation",
                  "valueCode": "MAY"
                }
              ],
              "code": "create"
            },
            {
              "extension": [
                {
                  "url": "http://hl7.org/fhir/StructureDefinition/capabilitystatement-expectation",
                  "valueCode": "SHOULD"
                }
              ],
              "code": "search-type",
              "documentation": "1. Clients **SHALL** use the following required search parameters and parameter values for discovery of user-facing lists:\n\n   - _summary=“true”\n   - type=“person”.\n\n1. Clients **MAY** discover all available patient lists that are managed by a particular organization or practitioner' using the required parameters and the `managing-entity` search parameter.\n\n1. Clients **MAY** discover all available patient lists that have a particular characteristic using the required parameters and the combination of `characteristic` and `value-reference` search parameters "
            },
            {
              "extension": [
                {
                  "url": "http://hl7.org/fhir/StructureDefinition/capabilitystatement-expectation",
                  "valueCode": "SHALL"
                }
              ],
              "code": "read"
            },
            {
              "extension": [
                {
                  "url": "http://hl7.org/fhir/StructureDefinition/capabilitystatement-expectation",
                  "valueCode": "SHOULD"
                }
              ],
              "code": "vread"
            },
            {
              "extension": [
                {
                  "url": "http://hl7.org/fhir/StructureDefinition/capabilitystatement-expectation",
                  "valueCode": "MAY"
                }
              ],
              "code": "update"
            },
            {
              "extension": [
                {
                  "url": "http://hl7.org/fhir/StructureDefinition/capabilitystatement-expectation",
                  "valueCode": "MAY"
                }
              ],
              "code": "patch"
            },
            {
              "extension": [
                {
                  "url": "http://hl7.org/fhir/StructureDefinition/capabilitystatement-expectation",
                  "valueCode": "MAY"
                }
              ],
              "code": "delete"
            },
            {
              "extension": [
                {
                  "url": "http://hl7.org/fhir/StructureDefinition/capabilitystatement-expectation",
                  "valueCode": "MAY"
                }
              ],
              "code": "history-instance"
            },
            {
              "extension": [
                {
                  "url": "http://hl7.org/fhir/StructureDefinition/capabilitystatement-expectation",
                  "valueCode": "MAY"
                }
              ],
              "code": "history-type"
            }
          ],
          "searchInclude": [
            "Group:member"
          ],
          "searchParam": [
            {
              "extension": [
                {
                  "url": "http://hl7.org/fhir/StructureDefinition/capabilitystatement-expectation",
                  "valueCode": "SHOULD"
                }
              ],
              "name": "type",
              "definition": "http://hl7.org/fhir/SearchParameter/Group-type",
              "type": "token",
              "documentation": "required search parameters and parameter value ` type=person`  for discovery of user-facing lists:"
            },
            {
              "extension": [
                {
                  "url": "http://hl7.org/fhir/StructureDefinition/capabilitystatement-expectation",
                  "valueCode": "SHOULD"
                }
              ],
              "name": "_summary",
              "definition": "http://hl7.org/fhir/SearchParameter/Group-summary",
              "type": "token",
              "documentation": "required search parameters and parameter value ` type=person`  for discovery of user-facing lists:"
            },
            {
              "extension": [
                {
                  "url": "http://hl7.org/fhir/StructureDefinition/capabilitystatement-expectation",
                  "valueCode": "SHOULD"
                }
              ],
              "name": "managing-entity",
              "definition": "http://hl7.org/fhir/SearchParameter/Group-managing-entity",
              "type": "token",
              "documentation": "for discovery of user-facing lists managed by a particular organization or practitioner"
            },
            {
              "extension": [
                {
                  "url": "http://hl7.org/fhir/StructureDefinition/capabilitystatement-expectation",
                  "valueCode": "SHOULD"
                }
              ],
              "name": "characteristic",
              "definition": "http://hl7.org/fhir/SearchParameter/Group-characteristic",
              "type": "token",
              "documentation": "for discovery of user-facing lists by a characteristic used in combination with `value-reference`"
            },
            {
              "extension": [
                {
                  "url": "http://hl7.org/fhir/StructureDefinition/capabilitystatement-expectation",
                  "valueCode": "SHOULD"
                }
              ],
              "name": "value-reference",
              "definition": " http://www.fhir.org/guides/argonaut/patient-list/SearchParameter/argonaut-group-value-reference",
              "type": "token",
              "documentation": "for discovery of user-facing lists by a characteristic used in combination with `characteristic`"
            },
            {
              "extension": [
                {
                  "url": "http://hl7.org/fhir/StructureDefinition/capabilitystatement-expectation",
                  "valueCode": "SHOULD"
                }
              ],
              "name": "_include",
              "definition": "http://hl7.org/fhir/SearchParameter/Group-include",
              "type": "token",
              "documentation": "the `_include` parameter can be used when fetching a Group resource to include all the Patient resources in addition to Group"
            },
            {
              "extension": [
                {
                  "url": "http://hl7.org/fhir/StructureDefinition/capabilitystatement-expectation",
                  "valueCode": "SHOULD"
                }
              ],
              "name": "_id",
              "definition": "http://hl7.org/fhir/SearchParameter/Group-id",
              "type": "token",
              "documentation": " for fetching of user facing lists"
            }
          ]
        },
        {
          "extension": [
            {
              "url": "http://hl7.org/fhir/StructureDefinition/capabilitystatement-expectation",
              "valueCode": "SHOULD"
            }
          ],
          "type": "Questionnaire",
          "supportedProfile": [
            "http://hl7.org/fhir/uv/sdc/StructureDefinition/sdc-questionnaire"
          ],
          "documentation": "For getting additional data about Group members, the Argonaut Patient List (Group) Profile supports 2 extension for directly accessing the Group level Questionnaire and the resultant pre-filled QuestionnaireResponse form for each patient on the patient list: The Server **MAY** supply  these extensions so that the Client can fetch the form definitions in the Questionnaire resource and the form data in the QuestionnaireResponse resource.",
          "interaction": [
            {
              "extension": [
                {
                  "url": "http://hl7.org/fhir/StructureDefinition/capabilitystatement-expectation",
                  "valueCode": "MAY"
                }
              ],
              "code": "create"
            },
            {
              "extension": [
                {
                  "url": "http://hl7.org/fhir/StructureDefinition/capabilitystatement-expectation",
                  "valueCode": "SHOULD"
                }
              ],
              "code": "search-type"
            },
            {
              "extension": [
                {
                  "url": "http://hl7.org/fhir/StructureDefinition/capabilitystatement-expectation",
                  "valueCode": "SHOULD"
                }
              ],
              "code": "read"
            },
            {
              "extension": [
                {
                  "url": "http://hl7.org/fhir/StructureDefinition/capabilitystatement-expectation",
                  "valueCode": "MAY"
                }
              ],
              "code": "vread"
            },
            {
              "extension": [
                {
                  "url": "http://hl7.org/fhir/StructureDefinition/capabilitystatement-expectation",
                  "valueCode": "MAY"
                }
              ],
              "code": "update"
            },
            {
              "extension": [
                {
                  "url": "http://hl7.org/fhir/StructureDefinition/capabilitystatement-expectation",
                  "valueCode": "MAY"
                }
              ],
              "code": "patch"
            },
            {
              "extension": [
                {
                  "url": "http://hl7.org/fhir/StructureDefinition/capabilitystatement-expectation",
                  "valueCode": "MAY"
                }
              ],
              "code": "delete"
            },
            {
              "extension": [
                {
                  "url": "http://hl7.org/fhir/StructureDefinition/capabilitystatement-expectation",
                  "valueCode": "MAY"
                }
              ],
              "code": "history-instance"
            },
            {
              "extension": [
                {
                  "url": "http://hl7.org/fhir/StructureDefinition/capabilitystatement-expectation",
                  "valueCode": "MAY"
                }
              ],
              "code": "history-type"
            }
          ],
          "searchParam": [
            {
              "extension": [
                {
                  "url": "http://hl7.org/fhir/StructureDefinition/capabilitystatement-expectation",
                  "valueCode": "SHOULD"
                }
              ],
              "name": "_id",
              "definition": "http://hl7.org/fhir/SearchParameter/Questionnaire-id",
              "type": "token",
              "documentation": "for fetching the definitions of associated data about group members represented in the Questionnaire resource. The Client **MAY** use with comma-separated values."
            }
          ]
        },
        {
          "extension": [
            {
              "url": "http://hl7.org/fhir/StructureDefinition/capabilitystatement-expectation",
              "valueCode": "SHOULD"
            }
          ],
          "type": "QuestionnaireResponse",
          "supportedProfile": [
            "http://hl7.org/fhir/uv/sdc/StructureDefinition/sdc-questionnaireresponse"
          ],
          "documentation": "For getting additional data about Group members, the Argonaut Patient List (Group) Profile supports 2 extension for directly accessing the Group level Questionnaire and the resultant pre-filled QuestionnaireResponse form for each patient on the patient list: The Server **MAY** supply  these extensions so that the Client can fetch the form definitions in the Questionnaire resource and the form data in the QuestionnaireResponse resource.",
          "interaction": [
            {
              "extension": [
                {
                  "url": "http://hl7.org/fhir/StructureDefinition/capabilitystatement-expectation",
                  "valueCode": "MAY"
                }
              ],
              "code": "create"
            },
            {
              "extension": [
                {
                  "url": "http://hl7.org/fhir/StructureDefinition/capabilitystatement-expectation",
                  "valueCode": "SHOULD"
                }
              ],
              "code": "search-type"
            },
            {
              "extension": [
                {
                  "url": "http://hl7.org/fhir/StructureDefinition/capabilitystatement-expectation",
                  "valueCode": "SHOULD"
                }
              ],
              "code": "read"
            },
            {
              "extension": [
                {
                  "url": "http://hl7.org/fhir/StructureDefinition/capabilitystatement-expectation",
                  "valueCode": "MAY"
                }
              ],
              "code": "vread"
            },
            {
              "extension": [
                {
                  "url": "http://hl7.org/fhir/StructureDefinition/capabilitystatement-expectation",
                  "valueCode": "MAY"
                }
              ],
              "code": "update"
            },
            {
              "extension": [
                {
                  "url": "http://hl7.org/fhir/StructureDefinition/capabilitystatement-expectation",
                  "valueCode": "MAY"
                }
              ],
              "code": "patch"
            },
            {
              "extension": [
                {
                  "url": "http://hl7.org/fhir/StructureDefinition/capabilitystatement-expectation",
                  "valueCode": "MAY"
                }
              ],
              "code": "delete"
            },
            {
              "extension": [
                {
                  "url": "http://hl7.org/fhir/StructureDefinition/capabilitystatement-expectation",
                  "valueCode": "MAY"
                }
              ],
              "code": "history-instance"
            },
            {
              "extension": [
                {
                  "url": "http://hl7.org/fhir/StructureDefinition/capabilitystatement-expectation",
                  "valueCode": "MAY"
                }
              ],
              "code": "history-type"
            }
          ],
          "searchParam": [
            {
              "extension": [
                {
                  "url": "http://hl7.org/fhir/StructureDefinition/capabilitystatement-expectation",
                  "valueCode": "SHOULD"
                }
              ],
              "name": "_id",
              "definition": "http://hl7.org/fhir/SearchParameter/QuestionnaireResponse-id",
              "type": "token",
              "documentation": " for fetching associated data about group members represented in the QuestionnaireResponse resource. The Client **MAY** use with comma-separated values."
            }
          ]
        }
      ],
      "interaction": [
        {
          "extension": [
            {
              "url": "http://hl7.org/fhir/StructureDefinition/capabilitystatement-expectation",
              "valueCode": "MAY"
            }
          ],
          "code": "transaction",
          "documentation": "The Client **MAY** support transaction interactions to Getting Additional Data About Group Members"
        },
        {
          "extension": [
            {
              "url": "http://hl7.org/fhir/StructureDefinition/capabilitystatement-expectation",
              "valueCode": "MAY"
            }
          ],
          "code": "batch",
          "documentation": "The Client **MAY** support batch  interactions to Getting Additional Data About Group Members"
        },
        {
          "extension": [
            {
              "url": "http://hl7.org/fhir/StructureDefinition/capabilitystatement-expectation",
              "valueCode": "MAY"
            }
          ],
          "code": "search-system"
        },
        {
          "extension": [
            {
              "url": "http://hl7.org/fhir/StructureDefinition/capabilitystatement-expectation",
              "valueCode": "MAY"
            }
          ],
          "code": "history-system"
        }
      ]
    }
  ]
}